run	file	sha256_source	sha256_copy	bytes	match
atlas_btag_ttbar_test_20260718_223122	logs/merge_rerun2.err	e3b0c44298fc1c149afbf4c8996fb92427ae41e4649b934ca495991b7852b855	e3b0c44298fc1c149afbf4c8996fb92427ae41e4649b934ca495991b7852b855	0	OK
atlas_btag_ttbar_test_20260718_223122	logs/merge_rerun.err	e3b0c44298fc1c149afbf4c8996fb92427ae41e4649b934ca495991b7852b855	e3b0c44298fc1c149afbf4c8996fb92427ae41e4649b934ca495991b7852b855	0	OK
atlas_btag_ttbar_test_20260718_223122	logs/scan_rerun.out	2f441ac54a44f3be5789619431604d2dec5e306c5b15351e4f8caf9eb4f1a280	2f441ac54a44f3be5789619431604d2dec5e306c5b15351e4f8caf9eb4f1a280	1496	OK
atlas_btag_ttbar_test_20260718_223122	logs/hist_rerun.out	2682eb9bc9e9f6d4a749cfda37907696065b83ecf01ae22bed7259271ad400ab	2682eb9bc9e9f6d4a749cfda37907696065b83ecf01ae22bed7259271ad400ab	7842823	OK
atlas_btag_ttbar_test_20260718_223122	logs/scan_rerun.err	e3b0c44298fc1c149afbf4c8996fb92427ae41e4649b934ca495991b7852b855	e3b0c44298fc1c149afbf4c8996fb92427ae41e4649b934ca495991b7852b855	0	OK
atlas_btag_ttbar_test_20260718_223122	logs/submit_btag_ttbar_test.sh	923a71559aa18e6aa0012696c3c1dd537cb8c726ffda50b9021ef8d942de05c7	923a71559aa18e6aa0012696c3c1dd537cb8c726ffda50b9021ef8d942de05c7	2712	OK
atlas_btag_ttbar_test_20260718_223122	logs/merge_rerun.out	8ff5a1bb3fa7cfe343166d3dc7c14d5cf333a639a84a9a5f4d959230aae0db65	8ff5a1bb3fa7cfe343166d3dc7c14d5cf333a639a84a9a5f4d959230aae0db65	7841250	OK
atlas_btag_ttbar_test_20260718_223122	logs/hist_rerun2.err	e3b0c44298fc1c149afbf4c8996fb92427ae41e4649b934ca495991b7852b855	e3b0c44298fc1c149afbf4c8996fb92427ae41e4649b934ca495991b7852b855	0	OK
atlas_btag_ttbar_test_20260718_223122	logs/merge_rerun3.out	9a21cc2709635a594984884bf048d38556dcf270ba1f990a9209832de12edd44	9a21cc2709635a594984884bf048d38556dcf270ba1f990a9209832de12edd44	5070	OK
atlas_btag_ttbar_test_20260718_223122	logs/config_up4j_minEvt10_subleading_btag_ttbar_test.yaml	e5969781846e3d1a18493a63e45058f6de5336fab1b208d64b155e62ec788878	e5969781846e3d1a18493a63e45058f6de5336fab1b208d64b155e62ec788878	3733	OK
atlas_btag_ttbar_test_20260718_223122	logs/merge_rerun2.out	e6639bf94c15d1b70531b08e7f8dd6947538133327f2acc09e219003efe33ca1	e6639bf94c15d1b70531b08e7f8dd6947538133327f2acc09e219003efe33ca1	4826	OK
atlas_btag_ttbar_test_20260718_223122	logs/merge_rerun3.err	e3b0c44298fc1c149afbf4c8996fb92427ae41e4649b934ca495991b7852b855	e3b0c44298fc1c149afbf4c8996fb92427ae41e4649b934ca495991b7852b855	0	OK
atlas_btag_ttbar_test_20260718_223122	logs/hist_rerun2.out	13ba711fc89336a27a1cb4201e19477f7cb5c3613fddff022dcf6707b926c0c5	13ba711fc89336a27a1cb4201e19477f7cb5c3613fddff022dcf6707b926c0c5	5874	OK
atlas_btag_ttbar_test_20260718_223122	logs/hist_rerun.err	e3b0c44298fc1c149afbf4c8996fb92427ae41e4649b934ca495991b7852b855	e3b0c44298fc1c149afbf4c8996fb92427ae41e4649b934ca495991b7852b855	0	OK
atlas_fixed_ranges_mc_20260912_174029	logs/pipeline.out	4a561276c24f4f1d9839fb9bac70fb5c0f8b906943dd8b8c7139b9816ac899f2	4a561276c24f4f1d9839fb9bac70fb5c0f8b906943dd8b8c7139b9816ac899f2	4043	OK
atlas_fixed_ranges_mc_20260912_174029	logs/config.yaml	252c2961b5d2680d2c79d1d983fa10ae0995c503bad3f74aabd2fdf9739d08e9	252c2961b5d2680d2c79d1d983fa10ae0995c503bad3f74aabd2fdf9739d08e9	7405	OK
atlas_fixed_ranges_mc_20260912_174029	logs/submit_mc.sh	46fba624345bea327e44a997b0e1b9fc1cc7ae0c166fd345f1cb7d594b6bb8de	46fba624345bea327e44a997b0e1b9fc1cc7ae0c166fd345f1cb7d594b6bb8de	5352	OK
atlas_full_fixComb_fixCut_mc_20261001_141954	logs/pipeline.out	967f9d059370012d7ebc88fb4c92aae2a4761658af0bf0733d71425de7f2e34a	967f9d059370012d7ebc88fb4c92aae2a4761658af0bf0733d71425de7f2e34a	4250	OK
atlas_full_fixComb_fixCut_mc_20261001_141954	logs/config.yaml	543821f8141fc331d15be7a171704d9b33a7ba3fbef00c286087e56f78ec826a	543821f8141fc331d15be7a171704d9b33a7ba3fbef00c286087e56f78ec826a	7756	OK
atlas_full_fixComb_fixCut_mc_20261001_141954	logs/submit_mc.sh	81d87b9819271f5b403f3690bea01bae5badb853cfd37fbc92f9f888f85f6a04	81d87b9819271f5b403f3690bea01bae5badb853cfd37fbc92f9f888f85f6a04	5102	OK
atlas_mc_UnlimetedJets_Leptontrigger_test_ttbar_mc_20261003_224244	logs/pipeline.out	d3b93749347c1aca13c574baa7b5c4a62c83d8e655d0c3bfe9a4336c14ba4bfa	d3b93749347c1aca13c574baa7b5c4a62c83d8e655d0c3bfe9a4336c14ba4bfa	4560	OK
atlas_mc_UnlimetedJets_Leptontrigger_test_ttbar_mc_20261003_224244	logs/config.yaml	58e51d3c107059cc762d37ee7933d74cef7044d4eff191a3434e88c5a71861ad	58e51d3c107059cc762d37ee7933d74cef7044d4eff191a3434e88c5a71861ad	7788	OK
atlas_mc_UnlimetedJets_Leptontrigger_test_ttbar_mc_20261003_224244	logs/submit_mc.sh	81d87b9819271f5b403f3690bea01bae5badb853cfd37fbc92f9f888f85f6a04	81d87b9819271f5b403f3690bea01bae5badb853cfd37fbc92f9f888f85f6a04	5102	OK
atlas_mc_UnlimetedJets_test_ttbar_mc_20261003_210612	logs/pipeline.out	5b14a1253788010168ec775700c470409bd40ff83bc37d9ca043f5df6cbd125c	5b14a1253788010168ec775700c470409bd40ff83bc37d9ca043f5df6cbd125c	4364	OK
atlas_mc_UnlimetedJets_test_ttbar_mc_20261003_210612	logs/config.yaml	b44f0abee5e012102bd0bb6a9f01db04eed6998280e904eb9b808dbf72ec45bc	b44f0abee5e012102bd0bb6a9f01db04eed6998280e904eb9b808dbf72ec45bc	7775	OK
atlas_mc_UnlimetedJets_test_ttbar_mc_20261003_210612	logs/submit_mc.sh	81d87b9819271f5b403f3690bea01bae5badb853cfd37fbc92f9f888f85f6a04	81d87b9819271f5b403f3690bea01bae5badb853cfd37fbc92f9f888f85f6a04	5102	OK
atlas_mc_weights_test_mc_20261002_225447	logs/pipeline.out	6ec40543ebb15cd11f81301aa43a6ebd1202af915705f6dccddfa5c54706f925	6ec40543ebb15cd11f81301aa43a6ebd1202af915705f6dccddfa5c54706f925	4337	OK
atlas_mc_weights_test_mc_20261002_225447	logs/config.yaml	c2ab0aa0d52974114922f1eaefeef14d43e2124ca2c26aa68c28259ec770d161	c2ab0aa0d52974114922f1eaefeef14d43e2124ca2c26aa68c28259ec770d161	9122	OK
atlas_mc_weights_test_mc_20261002_225447	logs/submit_mc.sh	81d87b9819271f5b403f3690bea01bae5badb853cfd37fbc92f9f888f85f6a04	81d87b9819271f5b403f3690bea01bae5badb853cfd37fbc92f9f888f85f6a04	5102	OK
atlas_mc_weights_test_ttbar_mc_20261002_231634	logs/pipeline.out	16dbb383d96c96f5e0eb9e5f1854a1a2ed5a5180abbcba481713d1de98ad8c4e	16dbb383d96c96f5e0eb9e5f1854a1a2ed5a5180abbcba481713d1de98ad8c4e	4421	OK
atlas_mc_weights_test_ttbar_mc_20261002_231634	logs/config.yaml	e1b165946b6fddd44f5ff162ebc61da80c61919a91d79e2cd84b311b49eac42b	e1b165946b6fddd44f5ff162ebc61da80c61919a91d79e2cd84b311b49eac42b	9305	OK
atlas_mc_weights_test_ttbar_mc_20261002_231634	logs/submit_mc.sh	81d87b9819271f5b403f3690bea01bae5badb853cfd37fbc92f9f888f85f6a04	81d87b9819271f5b403f3690bea01bae5badb853cfd37fbc92f9f888f85f6a04	5102	OK
atlas_minEvt10_maxTot4_up10j_sublead_NOiso_mc_20260624_180449	logs/submit_mc.sh	b9d75b4b60847ad5cdb20ef87f5c5a6499aa111aa0c7f493eb78c2c4cb04c58d	b9d75b4b60847ad5cdb20ef87f5c5a6499aa111aa0c7f493eb78c2c4cb04c58d	5877	OK
atlas_minEvt10_maxTot4_up10j_sublead_NOiso_mc_20260624_180449	logs/configWmaxTotal_up4j_minEvt10_subleading_iso.yaml	c4d94a68b71172b2195d74a34a6fa74d50b61aad564dfc1fb73ac657ac27233d	c4d94a68b71172b2195d74a34a6fa74d50b61aad564dfc1fb73ac657ac27233d	3846	OK
atlas_minEvt10_maxTot4_up10j_sublead_btag_mc_20260628_211939	logs/configWmaxTotal_up4j_minEvt10_subleading_btag.yaml	30aac01390b728515745ad6402a1272a7c87891c65b41d21bb77e50802dde0bd	30aac01390b728515745ad6402a1272a7c87891c65b41d21bb77e50802dde0bd	3953	OK
atlas_minEvt10_maxTot4_up10j_sublead_btag_mc_20260628_211939	logs/submit_mc.sh	b9d75b4b60847ad5cdb20ef87f5c5a6499aa111aa0c7f493eb78c2c4cb04c58d	b9d75b4b60847ad5cdb20ef87f5c5a6499aa111aa0c7f493eb78c2c4cb04c58d	5877	OK
atlas_minEvt10_maxTot4_up10j_sublead_iso_mc_20260621_191439	logs/submit_mc.sh	ba8392297c85acf9cc4e70b295f719aa026ce531197f228ad3a2320c4ea3a5d0	ba8392297c85acf9cc4e70b295f719aa026ce531197f228ad3a2320c4ea3a5d0	5881	OK
atlas_minEvt10_maxTot4_up10j_sublead_iso_mc_20260621_191439	logs/configWmaxTotal_up4j_minEvt10_subleading_iso.yaml	36364083bb57565f4efbd7d29cedff1c8fea57b1c6710ae295164c13caea7455	36364083bb57565f4efbd7d29cedff1c8fea57b1c6710ae295164c13caea7455	3714	OK
atlas_minEvt10_maxTot4_up4j_sublead_btag_mc_mc_20260801_223525	logs/configWmaxTotal_up4j_minEvt10_subleading_btag_4.yaml	7fc39784ccd38b7e446e83a037e688238a5e4d1304ee1eaa746abff81ccb0362	7fc39784ccd38b7e446e83a037e688238a5e4d1304ee1eaa746abff81ccb0362	4127	OK
atlas_minEvt10_maxTot4_up4j_sublead_btag_mc_mc_20260801_223525	logs/submit_mc.sh	b9d75b4b60847ad5cdb20ef87f5c5a6499aa111aa0c7f493eb78c2c4cb04c58d	b9d75b4b60847ad5cdb20ef87f5c5a6499aa111aa0c7f493eb78c2c4cb04c58d	5877	OK
atlas_minEvt10_maxTot4_up4j_sublead_btag_mc_mc_20260802_181405	logs/configWmaxTotal_up4j_minEvt10_subleading_btag_4.yaml	7fc39784ccd38b7e446e83a037e688238a5e4d1304ee1eaa746abff81ccb0362	7fc39784ccd38b7e446e83a037e688238a5e4d1304ee1eaa746abff81ccb0362	4127	OK
atlas_minEvt10_maxTot4_up4j_sublead_btag_mc_mc_20260802_181405	logs/submit_mc.sh	42db47ffa0c18d0e1e818fe790e452369e8619cd7ace25a470685d05a5a1623c	42db47ffa0c18d0e1e818fe790e452369e8619cd7ace25a470685d05a5a1623c	5191	OK
atlas_minEvt10_maxTot4_up4j_sublead_btag_mc_mc_20260803_173426	logs/configWmaxTotal_up4j_minEvt10_subleading_btag_4.yaml	f434511c800de6b1584fa0e1047ad6f7df576362bec188920f3064368e7802a4	f434511c800de6b1584fa0e1047ad6f7df576362bec188920f3064368e7802a4	4116	OK
atlas_minEvt10_maxTot4_up4j_sublead_btag_mc_mc_20260803_173426	logs/submit_mc.sh	c792bd8991ce180672bd60231e1e92215cc79bc356efd4f879062f1f2b638ef5	c792bd8991ce180672bd60231e1e92215cc79bc356efd4f879062f1f2b638ef5	5883	OK
atlas_minEvt10_maxTot4_up4j_sublead_btag_mc_mc_20260804_151612	logs/configWmaxTotal_up4j_minEvt10_subleading_btag_4.yaml	6bc71a23e46a56e525c77cfffb17c85f00f3e6272f5163c264591b197595debe	6bc71a23e46a56e525c77cfffb17c85f00f3e6272f5163c264591b197595debe	4259	OK
atlas_minEvt10_maxTot4_up4j_sublead_btag_mc_mc_20260804_151612	logs/submit_mc.sh	c792bd8991ce180672bd60231e1e92215cc79bc356efd4f879062f1f2b638ef5	c792bd8991ce180672bd60231e1e92215cc79bc356efd4f879062f1f2b638ef5	5883	OK
atlas_minEvt10_maxTot4_up4j_sublead_btag_mc_mc_20260804_232738	logs/configWmaxTotal_up4j_minEvt10_subleading_btag_4.yaml	f7ee82ce3c431249ff045d05f24468732b92a75ea288c2e6d257a012bdeadf48	f7ee82ce3c431249ff045d05f24468732b92a75ea288c2e6d257a012bdeadf48	4251	OK
atlas_minEvt10_maxTot4_up4j_sublead_btag_mc_mc_20260804_232738	logs/submit_mc.sh	c792bd8991ce180672bd60231e1e92215cc79bc356efd4f879062f1f2b638ef5	c792bd8991ce180672bd60231e1e92215cc79bc356efd4f879062f1f2b638ef5	5883	OK
atlas_minEvt10_maxTot4_up4j_sublead_btag_outliersFixFalse_0tau_removePeak_NOmulti_mc_mc_20260810_181920	logs/configWmaxTotal_up4j_minEvt10_subleading_btag_4.yaml	25a0b2293c0d2966a64a3b0cead951a45d4223c4d2909592a03ddff21bd43bc2	25a0b2293c0d2966a64a3b0cead951a45d4223c4d2909592a03ddff21bd43bc2	4303	OK
atlas_minEvt10_maxTot4_up4j_sublead_btag_outliersFixFalse_0tau_removePeak_NOmulti_mc_mc_20260810_181920	logs/submit_mc.sh	c792bd8991ce180672bd60231e1e92215cc79bc356efd4f879062f1f2b638ef5	c792bd8991ce180672bd60231e1e92215cc79bc356efd4f879062f1f2b638ef5	5883	OK
atlas_minEvt10_maxTot4_up4j_sublead_btag_outliersFix_0tau_NOmulti_mc_mc_20260809_215146	logs/configWmaxTotal_up4j_minEvt10_subleading_btag_4.yaml	ecbf4568bef8c50cfb41250b8a31c7ed9de9601a29d6e536bc6ce5fdbe0ee5a8	ecbf4568bef8c50cfb41250b8a31c7ed9de9601a29d6e536bc6ce5fdbe0ee5a8	4286	OK
atlas_minEvt10_maxTot4_up4j_sublead_btag_outliersFix_0tau_NOmulti_mc_mc_20260809_215146	logs/submit_mc.sh	c792bd8991ce180672bd60231e1e92215cc79bc356efd4f879062f1f2b638ef5	c792bd8991ce180672bd60231e1e92215cc79bc356efd4f879062f1f2b638ef5	5883	OK
atlas_minEvt10_maxTot4_up4j_sublead_btag_outliersFix_0tau_removePeak_NOmulti_mc_mc_20260810_114059	logs/configWmaxTotal_up4j_minEvt10_subleading_btag_4.yaml	f9d6168e6ecab21ae04035ee51e0b074762b36829194a0b99f10f37d1b86c1cc	f9d6168e6ecab21ae04035ee51e0b074762b36829194a0b99f10f37d1b86c1cc	4297	OK
atlas_minEvt10_maxTot4_up4j_sublead_btag_outliersFix_0tau_removePeak_NOmulti_mc_mc_20260810_114059	logs/submit_mc.sh	c792bd8991ce180672bd60231e1e92215cc79bc356efd4f879062f1f2b638ef5	c792bd8991ce180672bd60231e1e92215cc79bc356efd4f879062f1f2b638ef5	5883	OK
atlas_minEvt10_maxTot4_up4j_sublead_btag_outliersFix_NOmulti_mc_mc_20260809_175736	logs/configWmaxTotal_up4j_minEvt10_subleading_btag_4.yaml	5898bbd54c6eedf894acf74143761bc3373975cb6887de9a47fe3c846c4a7ea2	5898bbd54c6eedf894acf74143761bc3373975cb6887de9a47fe3c846c4a7ea2	4289	OK
atlas_minEvt10_maxTot4_up4j_sublead_btag_outliersFix_NOmulti_mc_mc_20260809_175736	logs/submit_mc.sh	c792bd8991ce180672bd60231e1e92215cc79bc356efd4f879062f1f2b638ef5	c792bd8991ce180672bd60231e1e92215cc79bc356efd4f879062f1f2b638ef5	5883	OK
atlas_minEvt10_maxTot4_up4j_sublead_btag_outliers_0tau_removeZ_NOmulti_Master_mc_20260810_221339	logs/configWmaxTotal_up4j_minEvt10_subleading_btag_4.yaml	d72873117b2310028784bcd2596d2c0a9f58e38dd0215543d315824284eb10db	d72873117b2310028784bcd2596d2c0a9f58e38dd0215543d315824284eb10db	4295	OK
atlas_minEvt10_maxTot4_up4j_sublead_btag_outliers_0tau_removeZ_NOmulti_Master_mc_20260810_221339	logs/submit_mc.sh	c792bd8991ce180672bd60231e1e92215cc79bc356efd4f879062f1f2b638ef5	c792bd8991ce180672bd60231e1e92215cc79bc356efd4f879062f1f2b638ef5	5883	OK
atlas_minEvt10_maxTot4_up4j_sublead_btag_outliers_0tau_removeZ_NOmulti_NOweights_20260812_171626	logs/submit_mc_weights_1job.sh	3a32e4c5ed14a9b5f27f0e734d683f4d11e23f648cb09399a23dc6892c4ef08a	3a32e4c5ed14a9b5f27f0e734d683f4d11e23f648cb09399a23dc6892c4ef08a	4637	OK
atlas_minEvt10_maxTot4_up4j_sublead_btag_outliers_0tau_removeZ_NOmulti_NOweights_20260812_171626	logs/configWmaxTotal_up4j_minEvt10_subleading_btag_4_weights.yaml	efc6b100dd84da757d2c2dacf523620a1498232ed465006c3ba4d53525c798a3	efc6b100dd84da757d2c2dacf523620a1498232ed465006c3ba4d53525c798a3	5638	OK
atlas_minEvt10_maxTot4_up4j_sublead_btag_outliers_0tau_removeZ_NOmulti_weights_20260811_140338	logs/merge.out	c966398572fb603bf2a7d2a21d031069d06cdfb7889f930a47c691df2e5f0cc9	c966398572fb603bf2a7d2a21d031069d06cdfb7889f930a47c691df2e5f0cc9	1708	OK
atlas_minEvt10_maxTot4_up4j_sublead_btag_outliers_0tau_removeZ_NOmulti_weights_20260811_140338	logs/configWmaxTotal_up4j_minEvt10_subleading_btag_4_weights.yaml	d6073903e1f6127eab84d4c0930f2ac949e1dcf655bc0032ca93bbe35aeda3ac	d6073903e1f6127eab84d4c0930f2ac949e1dcf655bc0032ca93bbe35aeda3ac	5635	OK
atlas_minEvt10_maxTot4_up4j_sublead_btag_outliers_0tau_removeZ_NOmulti_weights_20260811_140338	logs/submit_mc_weights.sh	ba0f2058c9b5a912ed12d45919cb19357605a5cf7801116f17f017c33315f6ee	ba0f2058c9b5a912ed12d45919cb19357605a5cf7801116f17f017c33315f6ee	7752	OK
atlas_minEvt10_maxTot4_up4j_sublead_btag_outliers_0tau_removeZ_NOmulti_weights_20260812_171352	logs/submit_mc_weights_1job.sh	08dd1c9aa3e0aeb4c0c1aec7a42eb00b55778ec30071171fd6149c9223b9bac7	08dd1c9aa3e0aeb4c0c1aec7a42eb00b55778ec30071171fd6149c9223b9bac7	4638	OK
atlas_minEvt10_maxTot4_up4j_sublead_btag_outliers_0tau_removeZ_NOmulti_weights_20260812_171352	logs/configWmaxTotal_up4j_minEvt10_subleading_btag_4_weights.yaml	d6073903e1f6127eab84d4c0930f2ac949e1dcf655bc0032ca93bbe35aeda3ac	d6073903e1f6127eab84d4c0930f2ac949e1dcf655bc0032ca93bbe35aeda3ac	5635	OK
atlas_minEvt10_maxTot4_up4j_sublead_btag_outliers_0tau_removeZ_NOmulti_weights_mc_20260811_182813	logs/scan_rerun.out	743365a43a6f64d3a62e14488fc30a06a48f19ffc764a89a2d584417a01530d2	743365a43a6f64d3a62e14488fc30a06a48f19ffc764a89a2d584417a01530d2	1369	OK
atlas_minEvt10_maxTot4_up4j_sublead_btag_outliers_0tau_removeZ_NOmulti_weights_mc_20260811_182813	logs/aggregated_stats.json	21b1199b6feb58dc177dee759e11e4a9fb7dfb7ca3c53ed0de67b091ab091c87	21b1199b6feb58dc177dee759e11e4a9fb7dfb7ca3c53ed0de67b091ab091c87	165	OK
atlas_minEvt10_maxTot4_up4j_sublead_btag_outliers_0tau_removeZ_NOmulti_weights_mc_20260811_182813	logs/hist_rerun.out	125dc6782d8539f49e1640443eed20810f029d40e9ba1ad71f6f1aadb420aee8	125dc6782d8539f49e1640443eed20810f029d40e9ba1ad71f6f1aadb420aee8	6776	OK
atlas_minEvt10_maxTot4_up4j_sublead_btag_outliers_0tau_removeZ_NOmulti_weights_mc_20260811_182813	logs/merge_rerun.out	b6d73ad7978df05af54d70cec8e34ec1326195a0d15cd6c0c72ceca31d68059e	b6d73ad7978df05af54d70cec8e34ec1326195a0d15cd6c0c72ceca31d68059e	6050	OK
atlas_minEvt10_maxTot4_up4j_sublead_btag_outliers_0tau_removeZ_NOmulti_weights_mc_20260811_182813	logs/submit_mc.sh	fcfc0da4be88cfab2442c358ccb0c5362783a6710b4e6297de6eb0c28d476e6f	fcfc0da4be88cfab2442c358ccb0c5362783a6710b4e6297de6eb0c28d476e6f	5891	OK
atlas_minEvt10_maxTot4_up4j_sublead_btag_outliers_0tau_removeZ_NOmulti_weights_mc_20260811_182813	logs/configWmaxTotal_up4j_minEvt10_subleading_btag_4_weights.yaml	d6073903e1f6127eab84d4c0930f2ac949e1dcf655bc0032ca93bbe35aeda3ac	d6073903e1f6127eab84d4c0930f2ac949e1dcf655bc0032ca93bbe35aeda3ac	5635	OK
atlas_minEvt10_maxTot4_up4j_sublead_btag_outliers_0tau_removeZ_NOmulti_weights_mc_20260811_182813	logs/global_ranges.json	eea2dbff7d9890702036702418cfa5f35efd048fdfc9660fbe32024802a4d79f	eea2dbff7d9890702036702418cfa5f35efd048fdfc9660fbe32024802a4d79f	33531	OK
atlas_minEvt10_maxTot4_up4j_sublead_btag_outliers_Leptontriggers_mc_20260924_163326	logs/pipeline.out	f2d3032aa0824d52330bada45a3e6b66b8c13cecb5f40ea85c59c0aeb307a398	f2d3032aa0824d52330bada45a3e6b66b8c13cecb5f40ea85c59c0aeb307a398	23	OK
atlas_minEvt10_maxTot4_up4j_sublead_btag_outliers_Leptontriggers_mc_20260924_163326	logs/config_up4j_minEvt10_subleading_btag_ttbar_test_Leptontriggers.yaml	97781b6b31e09c3a72517a45a462f6d41103bbf73e8a3642b231d06772fb92da	97781b6b31e09c3a72517a45a462f6d41103bbf73e8a3642b231d06772fb92da	4619	OK
atlas_minEvt10_maxTot4_up4j_sublead_btag_outliers_Leptontriggers_mc_20260924_163326	logs/submit_mc.sh	3811bec2687151829c7bf50a4b9fc918c00378578457d21fbbcb176f990d74fc	3811bec2687151829c7bf50a4b9fc918c00378578457d21fbbcb176f990d74fc	5158	OK
atlas_minEvt10_maxTot4_up4j_sublead_btag_outliers_NOmulti_mc_mc_20260805_184647	logs/configWmaxTotal_up4j_minEvt10_subleading_btag_4.yaml	8eb268459bd41743fc1b4e32d8ca67e7a4f792dd47e62c2186f84eaa1bd001ff	8eb268459bd41743fc1b4e32d8ca67e7a4f792dd47e62c2186f84eaa1bd001ff	4277	OK
atlas_minEvt10_maxTot4_up4j_sublead_btag_outliers_NOmulti_mc_mc_20260805_184647	logs/submit_mc.sh	c792bd8991ce180672bd60231e1e92215cc79bc356efd4f879062f1f2b638ef5	c792bd8991ce180672bd60231e1e92215cc79bc356efd4f879062f1f2b638ef5	5883	OK
atlas_minEvt10_maxTot4_up4j_sublead_btag_outliers_NOmulti_mc_mc_20260807_001247	logs/configWmaxTotal_up4j_minEvt10_subleading_btag_4.yaml	e8b5dc23c5e0da8cba7412e3b94b7804c99d96a744ce123d2e1e11ec652faba7	e8b5dc23c5e0da8cba7412e3b94b7804c99d96a744ce123d2e1e11ec652faba7	4287	OK
atlas_minEvt10_maxTot4_up4j_sublead_btag_outliers_NOmulti_mc_mc_20260807_001247	logs/submit_mc.sh	99a41497be584f343fb3f683ae66c90c8ac9c917b0866af7b8b4667826d43059	99a41497be584f343fb3f683ae66c90c8ac9c917b0866af7b8b4667826d43059	5884	OK
atlas_minEvt10_maxTot4_up4j_sublead_btag_outliers_NOmulti_mc_mc_20260809_104855	logs/configWmaxTotal_up4j_minEvt10_subleading_btag_4.yaml	f62ce66c9c13fcdd415f78f2693d0e78ab73dbd81543e43f7b242d127aac0913	f62ce66c9c13fcdd415f78f2693d0e78ab73dbd81543e43f7b242d127aac0913	4287	OK
atlas_minEvt10_maxTot4_up4j_sublead_btag_outliers_NOmulti_mc_mc_20260809_104855	logs/submit_mc.sh	c792bd8991ce180672bd60231e1e92215cc79bc356efd4f879062f1f2b638ef5	c792bd8991ce180672bd60231e1e92215cc79bc356efd4f879062f1f2b638ef5	5883	OK
atlas_minEvt10_maxTot4_up4j_sublead_btag_outliers_ttbar_Bughunt_mc_20260910_174338	logs/configWmaxTotal_up4j_minEvt10_subleading_btag_4.yaml	4327600ba88323729998c12d34eb9fae215e9b47057f0c9de485f05cdeb24626	4327600ba88323729998c12d34eb9fae215e9b47057f0c9de485f05cdeb24626	4379	OK
atlas_minEvt10_maxTot4_up4j_sublead_btag_outliers_ttbar_Bughunt_mc_20260910_174338	logs/submit_mc.sh	c792bd8991ce180672bd60231e1e92215cc79bc356efd4f879062f1f2b638ef5	c792bd8991ce180672bd60231e1e92215cc79bc356efd4f879062f1f2b638ef5	5883	OK
atlas_minEvt10_maxTot4_up4j_sublead_btag_outliers_ttbar_FixedRanges_mc_20260912_175610	logs/configWmaxTotal_up4j_minEvt10_subleading_btag_4.yaml	7ce7c2dc19628ec62cd3cab4611669c2cd169bad1010bfc06ee2399c96eaff4e	7ce7c2dc19628ec62cd3cab4611669c2cd169bad1010bfc06ee2399c96eaff4e	4383	OK
atlas_minEvt10_maxTot4_up4j_sublead_btag_outliers_ttbar_FixedRanges_mc_20260912_175610	logs/pipeline.out	221597ef04177ba2f8306e9d9de7f617a85339f3b97991818d4e4ef3e94ddb92	221597ef04177ba2f8306e9d9de7f617a85339f3b97991818d4e4ef3e94ddb92	5921	OK
atlas_minEvt10_maxTot4_up4j_sublead_btag_outliers_ttbar_FixedRanges_mc_20260912_175610	logs/submit_mc.sh	c4e1c72d0dd1951ab5e7bd271fd67e066c4c7e6c72701b0ee279fe04be7b83e9	c4e1c72d0dd1951ab5e7bd271fd67e066c4c7e6c72701b0ee279fe04be7b83e9	5393	OK
atlas_minEvt10_maxTot4_up4j_sublead_btag_outliers_ttbar_FixedRanges_mc_20260912_215414	logs/configWmaxTotal_up4j_minEvt10_subleading_btag_4.yaml	7ce7c2dc19628ec62cd3cab4611669c2cd169bad1010bfc06ee2399c96eaff4e	7ce7c2dc19628ec62cd3cab4611669c2cd169bad1010bfc06ee2399c96eaff4e	4383	OK
atlas_minEvt10_maxTot4_up4j_sublead_btag_outliers_ttbar_FixedRanges_mc_20260912_215414	logs/pipeline.out	a68afc7e7b3be632a085af67db79300de9f3404da41e6c6a600a35e8d425d5cf	a68afc7e7b3be632a085af67db79300de9f3404da41e6c6a600a35e8d425d5cf	5921	OK
atlas_minEvt10_maxTot4_up4j_sublead_btag_outliers_ttbar_FixedRanges_mc_20260912_215414	logs/submit_mc.sh	c4e1c72d0dd1951ab5e7bd271fd67e066c4c7e6c72701b0ee279fe04be7b83e9	c4e1c72d0dd1951ab5e7bd271fd67e066c4c7e6c72701b0ee279fe04be7b83e9	5393	OK
atlas_minEvt10_maxTot4_up4j_sublead_btag_outliers_ttbar_FixedRanges_mc_20260913_204501	logs/configWmaxTotal_up4j_minEvt10_subleading_btag_4.yaml	7ce7c2dc19628ec62cd3cab4611669c2cd169bad1010bfc06ee2399c96eaff4e	7ce7c2dc19628ec62cd3cab4611669c2cd169bad1010bfc06ee2399c96eaff4e	4383	OK
atlas_minEvt10_maxTot4_up4j_sublead_btag_outliers_ttbar_FixedRanges_mc_20260913_204501	logs/pipeline.out	80ff18142d2ca5187cb43e6939997e0e6b9a3f163e94b8b027a61dc3af78d1e7	80ff18142d2ca5187cb43e6939997e0e6b9a3f163e94b8b027a61dc3af78d1e7	6038	OK
atlas_minEvt10_maxTot4_up4j_sublead_btag_outliers_ttbar_FixedRanges_mc_20260913_204501	logs/submit_mc.sh	abec52a469bd2c6d5510205a5bde1e35bfdd333d078d869d4f129315f34f959c	abec52a469bd2c6d5510205a5bde1e35bfdd333d078d869d4f129315f34f959c	5143	OK
atlas_minEvt10_maxTot4_up4j_sublead_btag_outliers_ttbar_LeptontriggersOFF_mc_20260903_172517	logs/config_up4j_minEvt10_subleading_btag_ttbar_test_Leptontriggers.yaml	9b53ca4a7e6cc94142dcf40a783fbf5b8edc1bf0b47f5df0f77e496826441ba2	9b53ca4a7e6cc94142dcf40a783fbf5b8edc1bf0b47f5df0f77e496826441ba2	4474	OK
atlas_minEvt10_maxTot4_up4j_sublead_btag_outliers_ttbar_LeptontriggersOFF_mc_20260903_172517	logs/submit_mc.sh	a2bc15f2869c9edbdac8d5a736459e20aa5eeb561bc87cc227e63f958f914613	a2bc15f2869c9edbdac8d5a736459e20aa5eeb561bc87cc227e63f958f914613	5898	OK
atlas_minEvt10_maxTot4_up4j_sublead_btag_outliers_ttbar_LeptontriggersOFF_mc_20260909_135015	logs/config_up4j_minEvt10_subleading_btag_ttbar_test_Leptontriggers.yaml	1a32eed3373d98f19916396127598eeab21350b6f8fdaf124f842d7e9ea6a503	1a32eed3373d98f19916396127598eeab21350b6f8fdaf124f842d7e9ea6a503	4609	OK
atlas_minEvt10_maxTot4_up4j_sublead_btag_outliers_ttbar_LeptontriggersOFF_mc_20260909_135015	logs/submit_mc.sh	3de48f6231b11958131fcba0633bc6024ed4149a7f726baea3a0cb37be687f8a	3de48f6231b11958131fcba0633bc6024ed4149a7f726baea3a0cb37be687f8a	5894	OK
atlas_minEvt10_maxTot4_up4j_sublead_btag_outliers_ttbar_Leptontriggers_mc_20260903_171340	logs/config_up4j_minEvt10_subleading_btag_ttbar_test_Leptontriggers.yaml	ed70138ef501cd75e2b2a2ac3d20f98a1d0730d2e1c40aa65ce4de19372fe540	ed70138ef501cd75e2b2a2ac3d20f98a1d0730d2e1c40aa65ce4de19372fe540	4470	OK
atlas_minEvt10_maxTot4_up4j_sublead_btag_outliers_ttbar_Leptontriggers_mc_20260903_171340	logs/submit_mc.sh	a2bc15f2869c9edbdac8d5a736459e20aa5eeb561bc87cc227e63f958f914613	a2bc15f2869c9edbdac8d5a736459e20aa5eeb561bc87cc227e63f958f914613	5898	OK
atlas_minEvt10_maxTot4_up4j_sublead_btag_outliers_ttbar_Leptontriggers_mc_20260909_170216	logs/config_up4j_minEvt10_subleading_btag_ttbar_test_Leptontriggers.yaml	ff6b3c981cf4221116a26cea4fe914e8af607c0a4b86055d215430934bbffc9e	ff6b3c981cf4221116a26cea4fe914e8af607c0a4b86055d215430934bbffc9e	4605	OK
atlas_minEvt10_maxTot4_up4j_sublead_btag_outliers_ttbar_Leptontriggers_mc_20260909_170216	logs/submit_mc.sh	3de48f6231b11958131fcba0633bc6024ed4149a7f726baea3a0cb37be687f8a	3de48f6231b11958131fcba0633bc6024ed4149a7f726baea3a0cb37be687f8a	5894	OK
atlas_minEvt10_maxTot4_up4j_sublead_btag_outliers_ttbar_Leptontriggers_mc_20260910_165233	logs/config_up4j_minEvt10_subleading_btag_ttbar_test_Leptontriggers.yaml	ff6b3c981cf4221116a26cea4fe914e8af607c0a4b86055d215430934bbffc9e	ff6b3c981cf4221116a26cea4fe914e8af607c0a4b86055d215430934bbffc9e	4605	OK
atlas_minEvt10_maxTot4_up4j_sublead_btag_outliers_ttbar_Leptontriggers_mc_20260910_165233	logs/submit_mc.sh	a2bc15f2869c9edbdac8d5a736459e20aa5eeb561bc87cc227e63f958f914613	a2bc15f2869c9edbdac8d5a736459e20aa5eeb561bc87cc227e63f958f914613	5898	OK
atlas_minEvt10_maxTot4_up4j_sublead_btag_outliers_ttbar_Leptontriggers_mc_20260921_223832	logs/pipeline.out	d147945d7a54533bbc0feeb6570b8eff7d7ce25ef684442928e71441a296b18a	d147945d7a54533bbc0feeb6570b8eff7d7ce25ef684442928e71441a296b18a	5934	OK
atlas_minEvt10_maxTot4_up4j_sublead_btag_outliers_ttbar_Leptontriggers_mc_20260921_223832	logs/config_up4j_minEvt10_subleading_btag_ttbar_test_Leptontriggers.yaml	1fa00aaf1be0720c336df74f2ef8f960d8de79813a06dea09120999d06f97a49	1fa00aaf1be0720c336df74f2ef8f960d8de79813a06dea09120999d06f97a49	4602	OK
atlas_minEvt10_maxTot4_up4j_sublead_btag_outliers_ttbar_Leptontriggers_mc_20260921_223832	logs/submit_mc.sh	3811bec2687151829c7bf50a4b9fc918c00378578457d21fbbcb176f990d74fc	3811bec2687151829c7bf50a4b9fc918c00378578457d21fbbcb176f990d74fc	5158	OK
atlas_minEvt10_maxTot4_up4j_sublead_btag_outliers_ttbar_NoLeptontriggers_mc_20260921_223701	logs/pipeline.out	48d5242f5c93c884ed89f33ed210bcae4ca32a7fbf46460e34b68735387f031a	48d5242f5c93c884ed89f33ed210bcae4ca32a7fbf46460e34b68735387f031a	5962	OK
atlas_minEvt10_maxTot4_up4j_sublead_btag_outliers_ttbar_NoLeptontriggers_mc_20260921_223701	logs/config_up4j_minEvt10_subleading_btag_ttbar_test_Leptontriggers.yaml	28e4daa13fae5c31803b5ec8c207aae74eb209938ec6908b816ceeab0d4bbc25	28e4daa13fae5c31803b5ec8c207aae74eb209938ec6908b816ceeab0d4bbc25	4605	OK
atlas_minEvt10_maxTot4_up4j_sublead_btag_outliers_ttbar_NoLeptontriggers_mc_20260921_223701	logs/submit_mc.sh	3811bec2687151829c7bf50a4b9fc918c00378578457d21fbbcb176f990d74fc	3811bec2687151829c7bf50a4b9fc918c00378578457d21fbbcb176f990d74fc	5158	OK
atlas_minEvt10_maxTot4_up4j_sublead_btag_outliers_ttbar_eta2p5_20260806_191527	logs/submit_btag_ttbar_test.sh	923a71559aa18e6aa0012696c3c1dd537cb8c726ffda50b9021ef8d942de05c7	923a71559aa18e6aa0012696c3c1dd537cb8c726ffda50b9021ef8d942de05c7	2712	OK
atlas_minEvt10_maxTot4_up4j_sublead_btag_outliers_ttbar_eta2p5_20260806_191527	logs/config_up4j_minEvt10_subleading_btag_ttbar_test.yaml	fb4279da9eb5dcd2f063ba6051512dc0dbdc38442ca036574b5778ca50852fc7	fb4279da9eb5dcd2f063ba6051512dc0dbdc38442ca036574b5778ca50852fc7	3788	OK
atlas_minEvt10_maxTot4_up4j_sublead_btag_outliers_ttbar_eta2p5_weights_20260819_180012	logs/submit_mc_ttbar_weights_1job.sh	e2983c23f1dba4a3b9f0be72844e645d034f7c4396b389b7d276fabd5d4888ca	e2983c23f1dba4a3b9f0be72844e645d034f7c4396b389b7d276fabd5d4888ca	7484	OK
atlas_minEvt10_maxTot4_up4j_sublead_btag_outliers_ttbar_eta2p5_weights_20260819_180012	logs/config_up4j_minEvt10_subleading_btag_ttbar_test_weights.yaml	eb5358f56a12d78ef093644b263801f0ef36624ab9d58435eddb8cbf4612eee4	eb5358f56a12d78ef093644b263801f0ef36624ab9d58435eddb8cbf4612eee4	5371	OK
atlas_minEvt10_maxTot4_up4j_sublead_btag_outliers_ttbar_test_20260805_232224	logs/submit_btag_ttbar_test.sh	923a71559aa18e6aa0012696c3c1dd537cb8c726ffda50b9021ef8d942de05c7	923a71559aa18e6aa0012696c3c1dd537cb8c726ffda50b9021ef8d942de05c7	2712	OK
atlas_minEvt10_maxTot4_up4j_sublead_btag_outliers_ttbar_test_20260805_232224	logs/config_up4j_minEvt10_subleading_btag_ttbar_test.yaml	0d59b4b91fedd90d97db39ac4195cd098c6c90c661187d09f0bd6f07b09dfe96	0d59b4b91fedd90d97db39ac4195cd098c6c90c661187d09f0bd6f07b09dfe96	3778	OK
atlas_minEvt10_maxTot4_up4j_sublead_btag_ttbar_outliers_Leptontriggers_NoOverlapRemoval_mc_20261004_185801	logs/config_up4j_minEvt10_subleading_btag_ttbar_test_Leptontriggers_OverlapRemoval.yaml	b062e3b4edc74858a9a4e77879c392ef21bad808764bc0761c9facc674d58268	b062e3b4edc74858a9a4e77879c392ef21bad808764bc0761c9facc674d58268	4746	OK
atlas_minEvt10_maxTot4_up4j_sublead_btag_ttbar_outliers_Leptontriggers_NoOverlapRemoval_mc_20261004_185801	logs/pipeline.out	14406f746013dcbf28c5347b8df1ac5f16c1df9e668a938c33e618cbd76541ad	14406f746013dcbf28c5347b8df1ac5f16c1df9e668a938c33e618cbd76541ad	3129	OK
atlas_minEvt10_maxTot4_up4j_sublead_btag_ttbar_outliers_Leptontriggers_NoOverlapRemoval_mc_20261004_185801	logs/submit_mc.sh	836e8206a4793c02a92c10bd56c5f1dca4dcf13f68e6ceb5c7b973eaad3e166b	836e8206a4793c02a92c10bd56c5f1dca4dcf13f68e6ceb5c7b973eaad3e166b	5173	OK
atlas_minEvt10_maxTot4_up4j_sublead_btag_ttbar_outliers_Leptontriggers_OverlapRemoval_mc_20261004_115434	logs/config_up4j_minEvt10_subleading_btag_ttbar_test_Leptontriggers_OverlapRemoval.yaml	aaa42724afa2cee921e9b9adf1dbf2d3355c3bfec4231ae5dcd047e3f4967f61	aaa42724afa2cee921e9b9adf1dbf2d3355c3bfec4231ae5dcd047e3f4967f61	4743	OK
atlas_minEvt10_maxTot4_up4j_sublead_btag_ttbar_outliers_Leptontriggers_OverlapRemoval_mc_20261004_115434	logs/pipeline.out	ca25e0d855bc6c62cc8f712bb2c8cd8c52000c932d41fdafdeeb47bfb650911f	ca25e0d855bc6c62cc8f712bb2c8cd8c52000c932d41fdafdeeb47bfb650911f	6118	OK
atlas_minEvt10_maxTot4_up4j_sublead_btag_ttbar_outliers_Leptontriggers_OverlapRemoval_mc_20261004_115434	logs/submit_mc.sh	836e8206a4793c02a92c10bd56c5f1dca4dcf13f68e6ceb5c7b973eaad3e166b	836e8206a4793c02a92c10bd56c5f1dca4dcf13f68e6ceb5c7b973eaad3e166b	5173	OK
atlas_minEvt10_maxTot4_up4j_sublead_btag_ttbar_outliers_Leptontriggers_mc_20260925_220618	logs/pipeline.out	42355da62dd487837fdc40ac4ceaeb9f862bf9d86d30e8fa93ff6eccdb63bfb7	42355da62dd487837fdc40ac4ceaeb9f862bf9d86d30e8fa93ff6eccdb63bfb7	5908	OK
atlas_minEvt10_maxTot4_up4j_sublead_btag_ttbar_outliers_Leptontriggers_mc_20260925_220618	logs/config_up4j_minEvt10_subleading_btag_ttbar_test_Leptontriggers.yaml	e0c142d10dd95000e2c9cd2ce39609b498906bbe2a8c7d8f78275ccef1391626	e0c142d10dd95000e2c9cd2ce39609b498906bbe2a8c7d8f78275ccef1391626	4676	OK
atlas_minEvt10_maxTot4_up4j_sublead_btag_ttbar_outliers_Leptontriggers_mc_20260925_220618	logs/submit_mc.sh	3811bec2687151829c7bf50a4b9fc918c00378578457d21fbbcb176f990d74fc	3811bec2687151829c7bf50a4b9fc918c00378578457d21fbbcb176f990d74fc	5158	OK
atlas_minEvt10_maxTot4_up4j_sublead_btag_ttbar_outliers_NoLeptontriggers_mc_20260925_220817	logs/pipeline.out	b3244abf2c6aadb1a0a79b98828308d0fcb3cd44769fa8ba55a0dda03dd634ee	b3244abf2c6aadb1a0a79b98828308d0fcb3cd44769fa8ba55a0dda03dd634ee	5938	OK
atlas_minEvt10_maxTot4_up4j_sublead_btag_ttbar_outliers_NoLeptontriggers_mc_20260925_220817	logs/config_up4j_minEvt10_subleading_btag_ttbar_test_Leptontriggers.yaml	0ab76117ae7f9e58d1aaf6f0fad3646dd401d071f3cb2ecdcfd117faeaec7152	0ab76117ae7f9e58d1aaf6f0fad3646dd401d071f3cb2ecdcfd117faeaec7152	4679	OK
atlas_minEvt10_maxTot4_up4j_sublead_btag_ttbar_outliers_NoLeptontriggers_mc_20260925_220817	logs/submit_mc.sh	3811bec2687151829c7bf50a4b9fc918c00378578457d21fbbcb176f990d74fc	3811bec2687151829c7bf50a4b9fc918c00378578457d21fbbcb176f990d74fc	5158	OK
atlas_minEvt10_maxTot4_up4j_sublead_btag_ttbar_outliers_NoLeptontriggers_mc_20260925_220823	logs/pipeline.out	ca7ac8d4ab880040e874b3c3f8c77b68ff384d05dd9eefd7fe34cff1e7c128d5	ca7ac8d4ab880040e874b3c3f8c77b68ff384d05dd9eefd7fe34cff1e7c128d5	5938	OK
atlas_minEvt10_maxTot4_up4j_sublead_btag_ttbar_outliers_NoLeptontriggers_mc_20260925_220823	logs/config_up4j_minEvt10_subleading_btag_ttbar_test_Leptontriggers.yaml	0ab76117ae7f9e58d1aaf6f0fad3646dd401d071f3cb2ecdcfd117faeaec7152	0ab76117ae7f9e58d1aaf6f0fad3646dd401d071f3cb2ecdcfd117faeaec7152	4679	OK
atlas_minEvt10_maxTot4_up4j_sublead_btag_ttbar_outliers_NoLeptontriggers_mc_20260925_220823	logs/submit_mc.sh	3811bec2687151829c7bf50a4b9fc918c00378578457d21fbbcb176f990d74fc	3811bec2687151829c7bf50a4b9fc918c00378578457d21fbbcb176f990d74fc	5158	OK
atlas_ttbar_test_Leptontriggers_mc_20260914_183810	logs/pipeline.out	05f8ce561ae702fac5d1fb1f273a4047394caf83698d7e789168b00fca22dac1	05f8ce561ae702fac5d1fb1f273a4047394caf83698d7e789168b00fca22dac1	4346	OK
atlas_ttbar_test_Leptontriggers_mc_20260914_183810	logs/config.yaml	1212ad597e01c8a6467bfe80340917838741f38863a3d365479273a511f354a0	1212ad597e01c8a6467bfe80340917838741f38863a3d365479273a511f354a0	7597	OK
atlas_ttbar_test_Leptontriggers_mc_20260914_183810	logs/submit_mc.sh	81d87b9819271f5b403f3690bea01bae5badb853cfd37fbc92f9f888f85f6a04	81d87b9819271f5b403f3690bea01bae5badb853cfd37fbc92f9f888f85f6a04	5102	OK
bug_hunt_mc_20260910_211624	logs/config.yaml	f195ce452ecc37e965b0f90cb0924c6a6b8be12c6d2fbdf339d8cb15525ac7a9	f195ce452ecc37e965b0f90cb0924c6a6b8be12c6d2fbdf339d8cb15525ac7a9	7290	OK
bug_hunt_mc_20260910_211624	logs/submit_mc.sh	7c5f967052ffcdf856d08255a762c5e08fecf686a65dca78900250854909d242	7c5f967052ffcdf856d08255a762c5e08fecf686a65dca78900250854909d242	5842	OK
