m4l_gev,channel,m_z1_gev,m_z2_gev,source_record,run,luminosityBlock,event
115.028,2e2mu,80.830,25.115,30521,278820,467,841815616
115.056,4mu,60.466,47.580,30555,282807,124,248014845
115.064,4mu,87.681,15.105,30555,283408,601,993092801
115.108,4mu,98.290,12.622,30555,281726,152,287735417
115.150,4mu,86.714,24.722,30522,279966,104,82816369
115.172,4mu,59.347,21.331,30555,283933,159,152051069
115.189,4mu,83.019,17.851,30555,283876,476,723891792
115.213,2e2mu,91.974,19.740,30555,281707,732,1136907371
115.218,4mu,89.600,18.949,30555,283408,262,436216815
115.263,4mu,92.202,17.826,30555,282037,574,1041353621
115.267,4mu,62.445,43.451,30522,280018,988,1706189471
115.400,2e2mu,86.227,25.187,30521,279715,172,195919718
115.589,2e2mu,94.767,16.706,30554,283964,60,101725522
115.719,2e2mu,91.913,16.398,30521,279654,1270,2378415005
115.726,2e2mu,91.601,15.806,30554,283408,181,297220197
115.809,2e2mu,90.796,12.982,30521,278969,495,785711975
115.831,4mu,74.524,31.447,30522,280349,136,251052843
115.994,4e,75.460,21.458,30521,279931,336,482740124
116.016,2e2mu,88.520,14.466,30554,284035,341,586155643
116.019,4mu,92.015,16.170,30555,283283,435,884237114
116.037,4mu,71.012,20.741,30522,280349,301,577986613
116.045,4mu,88.965,21.701,30555,282919,10,20391887
116.133,4mu,88.368,13.400,30555,281693,384,724260136
116.312,2e2mu,87.664,15.225,30555,283820,874,1547109158
116.412,4mu,92.829,22.393,30522,280242,420,764424364
116.433,4mu,72.279,40.987,30555,281693,1129,2148003263
116.434,2e2mu,94.402,12.995,30554,282037,168,321130655
116.438,4mu,88.420,12.745,30522,280385,627,1160003036
116.441,4mu,87.146,19.276,30555,283306,43,80031022
116.487,4mu,94.175,20.639,30555,282037,699,1263275712
116.519,4mu,92.063,17.235,30522,279766,616,1147711338
116.590,4mu,65.651,25.056,30522,280330,435,820988726
116.705,2e2mu,94.376,17.673,30554,283353,218,278615860
116.710,4e,88.276,15.243,30554,281797,1460,2475018176
116.723,4mu,80.554,18.991,30555,281639,111,179091781
116.730,2e2mu,91.106,18.602,30521,280349,45,84535563
116.850,2e2mu,90.770,20.247,30554,282814,934,1742846280
116.908,2e2mu,85.737,26.763,30522,279760,343,509039758
116.982,2e2mu,87.647,20.958,30554,283946,223,250483400
117.007,4mu,62.882,44.365,30522,279694,957,1767220216
117.076,4mu,86.078,20.099,30555,283408,806,1358409964
117.158,4mu,79.070,38.068,30522,278963,73,126471288
117.261,4mu,84.223,21.202,30555,282919,109,211449222
117.315,2e2mu,93.435,20.647,30555,282814,297,586492954
117.427,4mu,89.517,25.238,30555,283478,370,514426177
117.476,2e2mu,90.190,23.646,30521,280385,1578,2921467415
117.612,4mu,88.746,24.852,30555,281797,573,803407355
117.649,4mu,91.269,20.030,30522,279841,970,1648071084
117.730,4mu,89.713,13.370,30555,283946,609,899552624
117.730,4mu,91.474,23.756,30555,283877,216,394839184
117.788,2e2mu,87.501,30.034,30521,280024,165,236144013
117.799,4mu,90.669,14.262,30555,281976,742,1309857782
117.815,2e2mu,65.657,47.231,30555,283050,117,205796106
117.823,4mu,94.771,17.510,30555,283681,12,18966960
117.919,4mu,91.278,23.854,30522,280349,167,311013086
117.968,2e2mu,88.623,24.468,30554,281797,491,658787000
117.990,4mu,87.105,16.361,30555,283453,454,667923499
117.996,4mu,88.586,29.095,30555,282037,24,49456288
118.106,4mu,83.622,31.038,30522,279694,31,52961364
118.131,4mu,91.247,22.853,30555,282807,152,304477986
118.136,4mu,88.857,23.657,30522,279966,186,224146845
118.153,2e2mu,85.864,24.007,30554,283964,302,491395753
118.296,4mu,90.089,13.326,30555,282800,152,269947509
118.303,4mu,88.779,15.903,30522,280249,228,434739218
118.369,4mu,88.652,26.422,30522,279966,182,217566562
118.383,4mu,95.857,20.226,30522,279115,338,500866895
118.600,4mu,84.034,17.656,30555,282733,82,154677467
118.606,4mu,100.656,16.775,30522,279760,211,270483619
118.611,4e,59.227,40.578,30521,279694,7,11968298
118.630,4mu,92.380,12.029,30522,279767,559,946588751
118.673,4mu,89.080,16.750,30522,279975,440,685276877
118.742,2e2mu,52.450,36.247,30528,278969,856,1435296150
118.760,4mu,89.763,26.901,30555,283043,42,66757984
118.890,4mu,93.109,23.758,30555,281976,13,26446349
119.026,4mu,91.726,13.245,30522,279654,206,391412793
119.036,4mu,70.859,47.521,30522,279766,903,1647618964
119.065,2e2mu,86.116,30.775,30522,279975,849,1436513873
119.071,4mu,56.579,29.983,30555,283946,485,684661370
119.075,4mu,94.320,16.190,30555,283478,284,378390450
119.164,4mu,91.634,20.625,30555,283408,7,11499487
119.234,4mu,69.019,32.619,30522,279588,1119,1980049712
119.245,2e2mu,92.438,20.255,30521,280242,463,838390432
119.272,4mu,91.390,14.965,30555,283934,83,140630689
119.293,2e2mu,88.360,15.813,30521,279116,74,119265583
119.299,4mu,89.946,19.431,30522,279116,158,264841883
119.388,2e2mu,93.727,21.347,30554,283946,211,230531327
119.433,4mu,67.066,50.093,30522,279975,620,1018292342
119.434,2e2mu,99.757,16.490,30521,279975,77,35994903
119.442,4mu,91.144,26.362,30555,284043,141,219774225
119.450,4mu,56.076,17.213,30555,283830,23,43219961
119.479,4e,85.887,18.537,30521,279794,151,159531503
119.606,4mu,93.262,15.487,30555,281727,36,60440140
119.607,4mu,63.979,29.515,30555,282800,71,122402192
119.608,2e2mu,85.573,21.606,30554,283946,234,268295303
119.680,2e2mu,42.338,27.939,30528,279975,341,507659992
119.690,4mu,96.713,12.145,30522,279844,89,42835094
119.814,2e2mu,93.498,17.187,30521,279715,211,267989462
119.845,4mu,96.300,18.623,30522,279794,477,758063002
119.849,4mu,66.383,51.813,30555,283270,666,1037323188
119.919,4mu,63.166,36.216,30522,279931,127,114640539
120.056,2e2mu,49.001,43.682,30555,281727,1073,1822569008
120.110,4mu,92.194,19.202,30555,283453,443,650510674
120.145,2e2mu,93.183,15.545,30554,283820,187,313336689
120.151,2e2mu,64.069,25.214,30561,281727,571,901493096
120.154,2e2mu,88.533,30.179,30554,281797,1179,1940372903
120.234,4mu,86.802,24.042,30522,280249,136,258406656
120.234,4mu,87.718,14.029,30555,283359,283,417264819
120.242,4mu,86.417,25.357,30522,278923,295,468279339
120.251,2e2mu,94.528,18.438,30554,282814,384,746730792
120.285,4mu,93.769,19.778,30522,279823,364,546106084
120.287,4mu,73.692,44.109,30555,283885,1345,2344464786
120.323,4mu,71.137,33.478,30522,279694,1426,2641866607
120.359,4mu,90.543,18.521,30522,278969,119,107231486
120.480,2e2mu,88.839,22.525,30554,282800,24,35093904
120.488,4mu,89.109,16.984,30555,283884,746,942650125
120.581,4mu,90.289,20.562,30522,280188,202,359105258
120.599,4mu,92.848,16.333,30522,279760,167,196959178
120.600,4mu,90.313,15.958,30522,280015,527,982907211
120.612,4mu,89.038,26.986,30522,280249,1337,2356140522
120.712,2e2mu,85.900,13.998,30521,279588,759,1294103090
120.818,2e2mu,96.604,12.051,30521,280191,776,1442548625
120.845,4mu,86.064,33.488,30555,281707,890,1428240561
120.922,4mu,88.871,17.430,30522,279716,347,646151836
121.080,4mu,75.996,33.468,30555,283877,1331,2313473988
121.087,4mu,89.273,21.984,30555,283270,329,476062833
121.189,4e,72.719,46.669,30554,283408,1112,1895984888
121.195,4mu,92.504,21.938,30522,279766,363,679970631
121.226,4mu,76.717,42.523,30555,281707,235,232126943
121.326,4mu,83.507,14.183,30555,282918,22,39621812
121.339,4mu,94.202,18.559,30522,279975,102,81214746
121.381,4mu,93.253,18.094,30555,282842,57,106265749
121.389,2e2mu,89.684,19.556,30554,281693,445,835778911
121.559,2e2mu,92.753,12.782,30555,284035,280,469647009
121.597,4mu,85.529,25.159,30555,282735,1779,3287121342
121.742,4mu,89.646,13.552,30555,281693,299,568593086
121.948,4mu,91.927,19.331,30522,279844,263,353915984
121.949,4mu,64.712,25.132,30555,282037,482,879778070
121.962,4mu,88.344,33.509,30522,278820,1465,2663714224
121.976,4mu,77.670,39.842,30522,280191,240,439215253
121.984,4e,85.749,25.572,30521,279841,1891,3282231397
122.073,4mu,75.334,30.904,30522,280364,593,1096499426
122.188,2e2mu,65.282,36.960,30521,278875,470,836646797
122.279,4mu,70.165,37.397,30555,283876,70,36797150
122.284,4mu,90.295,24.270,30555,282807,195,386674781
122.450,2e2mu,88.055,26.236,30554,283308,828,1540808303
122.461,4mu,88.611,15.659,30522,279694,268,481801445
122.640,2e2mu,85.940,34.199,30554,283043,171,309145187
122.687,4mu,91.235,28.678,30555,281797,1514,2571021056
122.726,4mu,90.829,14.830,30522,279887,97,47316782
122.739,4mu,91.989,19.982,30555,283865,471,805669442
122.800,2e2mu,60.595,28.678,30521,278923,147,203074351
122.830,2e2mu,93.762,15.578,30561,284037,73,140456802
122.838,4mu,96.949,16.268,30522,279931,2411,4157399730
122.848,2e2mu,90.285,17.650,30554,283946,254,301204498
122.871,4mu,82.576,27.213,30555,283946,443,608359692
123.215,4mu,92.342,15.649,30522,279975,148,162922447
123.273,4mu,75.422,43.657,30555,281976,757,1338656829
123.291,4e,84.465,26.370,30521,280249,581,1092809122
123.344,4mu,92.477,19.282,30522,278975,187,314589162
123.488,4mu,92.617,12.835,30522,280017,581,999498561
123.608,4mu,93.330,22.928,30522,279841,1125,1941096546
123.640,4mu,91.819,18.811,30522,279841,1795,3129185783
123.706,4mu,93.687,23.620,30555,283408,777,1308873210
123.708,2e2mu,80.877,29.555,30521,279667,78,34785118
123.733,2e2mu,105.791,13.795,30554,282807,69,137217061
123.852,4mu,88.471,25.239,30555,283876,533,821671538
123.868,2e2mu,87.392,19.073,30521,279931,306,426389337
123.882,2e2mu,88.023,14.759,30521,278874,54,115407004
123.953,4mu,90.288,22.099,30555,283885,1688,2947488730
123.960,4mu,88.754,30.710,30555,283307,108,199438691
123.962,4mu,75.074,45.940,30521,278923,140,189930040
123.975,4mu,90.670,18.135,30522,280015,506,945085128
123.983,4mu,62.107,36.581,30555,283059,431,814325023
123.986,4mu,94.738,16.817,30555,281797,847,1321029701
124.038,4mu,71.139,50.518,30522,279931,3019,5123592417
124.075,4mu,88.293,22.780,30555,283059,171,319684904
124.111,2e2mu,43.313,22.917,30554,284006,90,39067145
124.142,4mu,88.803,32.433,30522,280327,50,21398512
124.151,2e2mu,90.004,19.622,30554,283964,76,129762939
124.176,4mu,96.783,23.333,30555,283478,890,1396229067
124.216,4mu,90.472,26.788,30555,281693,192,354336065
124.237,4mu,92.235,13.564,30555,281727,1002,1702439141
124.272,2e2mu,86.238,25.091,30554,283408,468,769373142
124.287,4mu,79.259,31.047,30555,283408,56,82738265
124.322,2e2mu,79.484,27.772,30521,279931,1064,1826222506
124.440,2e2mu,82.351,14.711,30555,281797,476,632528644
124.471,2e2mu,90.638,17.444,30555,284006,213,253449759
124.486,4mu,71.589,50.490,30522,279841,1177,2029486783
124.511,4mu,87.684,12.722,30555,283884,534,583621091
124.523,4mu,93.265,15.597,30555,282733,46,81908408
124.634,2e2mu,90.948,14.413,30521,279654,555,1051138737
124.637,4mu,92.227,31.641,30555,282037,173,328600245
124.666,4mu,86.171,16.453,30555,283359,254,376394509
124.700,4mu,73.668,29.561,30555,283270,1675,2874306324
124.818,2e2mu,82.944,33.825,30521,279975,525,840091856
124.826,4mu,43.299,40.364,30555,281975,184,316544989
124.879,4mu,90.553,25.308,30522,278969,679,1108529870
124.982,2e2mu,87.805,35.403,30554,282807,47,89922091
124.988,4mu,85.614,39.237,30555,283270,1703,2920076999
125.004,2e2mu,87.511,36.945,30521,278969,395,597656159
125.098,2e2mu,90.323,17.073,30554,282092,267,310920315
125.201,2e2mu,91.129,22.988,30521,279654,827,1565741924
125.219,2e2mu,90.356,19.218,30521,280249,1357,2395659661
125.221,4mu,90.972,23.362,30522,280330,355,678125664
125.235,4mu,96.777,17.916,30555,283946,169,156972623
125.277,2e2mu,51.802,51.284,30528,278969,268,378844841
125.347,2e2mu,80.338,14.856,30521,279116,141,235774874
125.415,4mu,94.063,28.863,30555,283308,104,189272701
125.427,4mu,92.693,24.856,30522,279931,258,332721101
125.439,2e2mu,90.261,26.275,30554,282800,321,610965211
125.446,4mu,84.771,36.975,30522,278820,413,738271001
125.447,4mu,89.957,28.490,30522,278969,639,1032717265
125.495,4e,93.468,27.565,30521,278820,608,1108631891
125.538,4mu,61.802,51.905,30522,280330,438,825909331
125.552,4mu,86.462,37.262,30555,283270,880,1425031539
125.571,4e,75.394,24.827,30521,279715,382,591325039
125.590,4mu,87.657,34.932,30555,283453,178,208006384
125.702,4mu,83.728,19.394,30522,279667,592,962264350
125.720,4mu,70.389,44.386,30555,283478,436,615190126
125.736,4mu,91.178,32.146,30555,283050,32,44801115
125.738,4mu,92.734,26.868,30555,283884,457,461961358
125.780,4mu,96.337,15.557,30555,283478,225,276135660
125.788,4mu,88.912,19.146,30522,278969,841,1408654761
125.841,4mu,86.683,35.614,30555,281797,2141,3540008334
125.843,2e2mu,51.471,22.302,30561,283408,1767,3067342627
125.851,4mu,91.595,16.943,30555,281641,17,24484383
125.929,2e2mu,91.369,21.719,30521,280007,11,13165572
125.975,4mu,97.097,21.453,30555,283307,146,266738670
125.975,4e,93.183,22.542,30521,278820,165,286717419
125.978,4mu,83.907,27.444,30555,283059,147,272021935
125.998,4mu,69.134,53.224,30555,282734,149,302790862
126.057,2e2mu,89.549,32.544,30554,283306,214,388471539
126.106,4mu,102.177,19.617,30555,283270,366,540344626
126.221,4mu,89.432,17.492,30522,279975,941,1608505683
126.251,2e2mu,93.650,21.557,30521,279767,630,1058178234
126.274,4mu,89.652,29.028,30522,278820,393,702037872
126.300,4mu,81.453,32.459,30555,282037,553,1003722568
126.403,4mu,65.880,54.283,30555,283548,231,182888890
126.409,4mu,80.203,40.391,30555,283876,177,223572651
126.433,4mu,92.091,19.042,30555,283548,209,142158292
126.433,4mu,92.959,18.328,30555,283876,217,285405538
126.463,4mu,64.309,38.696,30555,283820,228,386494896
126.493,4mu,105.536,12.088,30522,278923,458,768487140
126.579,4mu,92.172,20.458,30555,282037,470,855776386
126.594,4mu,91.475,24.952,30555,283876,196,255766981
126.671,4mu,89.364,23.340,30555,283884,426,404479068
126.675,4mu,92.245,25.845,30522,279667,478,758579093
126.700,4mu,86.430,16.744,30555,283453,512,759673571
126.720,4mu,88.067,16.865,30555,282735,398,800801920
126.763,2e2mu,43.987,37.082,30561,283478,600,891077353
126.828,4mu,97.690,15.578,30522,279794,616,1000564418
126.832,2e2mu,90.678,14.487,30554,282035,27,59659946
126.832,4mu,90.463,22.068,30522,279975,125,119964955
126.886,4mu,92.754,13.614,30522,279588,1203,2138567644
126.917,4mu,89.747,32.965,30555,283865,475,811701751
127.026,4mu,82.719,40.255,30522,279841,183,239665011
127.064,4mu,81.492,23.159,30555,283946,1321,2228610519
127.098,2e2mu,81.782,38.163,30555,283865,492,844415203
127.129,4mu,89.734,23.870,30555,281975,101,168133524
127.159,4mu,90.084,27.491,30555,282842,38,70212279
127.317,2e2mu,88.149,24.764,30561,281707,1060,1757438298
127.440,2e2mu,92.468,25.204,30521,279841,381,600963436
127.510,4mu,99.926,22.245,30522,279931,1194,2073938999
127.530,2e2mu,76.080,36.269,30522,278923,158,222816059
127.560,4mu,72.234,35.264,30555,283043,3,3843787
127.564,4mu,91.682,15.360,30522,279975,289,408828888
127.577,4mu,77.281,43.696,30555,283934,122,206221445
127.592,4mu,94.725,14.727,30555,281693,19,34501707
127.605,4e,64.918,38.517,30521,280385,132,243780614
127.651,2e2mu,95.040,17.808,30555,282092,781,1187868681
127.718,2e2mu,85.302,17.778,30554,283307,146,267209414
127.917,2e2mu,68.174,50.286,30555,283865,562,979273048
128.019,2e2mu,94.361,16.557,30554,284036,130,225844240
128.044,4mu,92.716,29.436,30555,283830,461,797636679
128.044,4mu,53.865,48.203,30555,282730,138,118527973
128.152,4mu,94.783,27.159,30555,283453,267,366076141
128.158,2e2mu,86.292,38.044,30554,283934,873,1495227135
128.185,4mu,80.843,42.314,30522,279794,1093,1894809063
128.208,4mu,69.744,31.339,30522,280187,56,93083964
128.365,4mu,64.360,32.811,30555,283478,358,495210027
128.424,4e,77.875,35.665,30554,283946,1275,2137919142
128.507,2e2mu,51.755,50.624,30555,283876,479,729208172
128.555,4e,93.708,30.303,30554,283453,422,619047729
128.589,2e2mu,92.676,28.669,30554,281797,1949,3264980682
128.633,2e2mu,92.093,21.123,30554,283946,269,326516733
128.819,4mu,107.297,20.637,30555,283353,567,886572291
128.894,4mu,88.137,34.806,30522,279694,372,679841563
129.057,4mu,87.582,12.504,30555,283270,1909,3241584481
129.222,4mu,95.337,20.222,30522,280194,219,348261141
129.233,4mu,67.792,38.410,30555,284035,71,109171864
129.248,4mu,88.664,31.355,30555,282731,41,81943091
129.250,4e,89.886,20.513,30554,283408,146,236901393
129.252,4mu,91.020,29.573,30522,279841,524,854206133
129.262,4mu,87.565,41.268,30522,279975,442,689285709
129.384,4mu,94.571,14.845,30522,279716,865,1583688526
129.413,2e2mu,63.363,57.860,30555,283270,238,318043231
129.464,4mu,90.545,20.017,30555,282733,26,42998014
129.536,4mu,91.127,17.321,30522,279715,641,1071088389
129.549,4mu,92.403,28.598,30522,279794,159,172405449
129.562,4mu,92.841,28.347,30522,278875,10,18795247
129.585,2e2mu,90.780,30.754,30522,278822,1313,2222518414
129.595,4mu,91.684,19.644,30555,282037,656,1180525759
129.601,4mu,88.606,17.888,30522,278875,552,976927602
129.687,4mu,92.415,14.995,30555,281707,154,97304026
129.743,4mu,91.790,14.131,30555,283307,107,198699013
129.813,4mu,60.363,54.926,30555,281975,140,236832022
129.940,2e2mu,91.126,27.016,30554,282092,364,474634113
129.961,2e2mu,91.188,19.206,30554,282037,1828,3220545777
129.976,2e2mu,89.446,20.066,30554,282730,131,102788656
130.117,2e2mu,62.018,57.684,30555,281976,48,96532528
130.195,4mu,91.826,29.157,30522,279841,788,1320815383
130.196,4mu,91.752,22.229,30555,282092,1513,2491657141
130.206,4mu,87.092,41.992,30555,282731,20,40553165
130.207,4mu,87.533,34.940,30555,283358,457,842179692
130.277,4mu,90.579,29.274,30522,279760,196,246976205
130.551,4mu,90.390,33.205,30522,279667,230,297408114
130.602,2e2mu,85.682,15.443,30554,282037,35,72249372
130.668,4e,93.247,17.173,30554,282814,630,1224507499
130.886,4e,93.838,29.296,30554,283453,299,418757202
130.912,4mu,90.463,35.749,30522,278875,272,503861331
130.965,4mu,89.176,19.894,30555,283885,480,871711278
131.114,4mu,94.491,33.175,30555,283865,509,877832583
131.121,4mu,68.187,33.356,30555,284039,11,19755915
131.203,4mu,91.756,32.820,30555,283408,1332,2298921279
131.216,4mu,91.687,32.904,30555,283946,275,336673023
131.335,4mu,82.943,40.859,30555,283408,511,844646902
131.378,2e2mu,89.410,24.990,30555,283865,171,296524269
131.401,2e2mu,79.629,23.798,30554,283353,819,1333041319
131.539,4mu,89.003,13.151,30555,281693,100,191116445
131.548,4mu,92.422,23.534,30555,283353,96,66540180
131.549,4mu,94.487,12.933,30555,283865,676,1186362046
131.650,4mu,89.296,27.223,30522,279658,603,1087448987
131.701,4mu,90.989,39.504,30522,278969,837,1401149484
131.724,2e2mu,88.712,25.454,30522,280251,97,180311989
131.732,4mu,87.222,40.619,30522,278875,744,1363091616
131.732,4mu,87.462,14.613,30555,281797,134,36213728
131.817,4mu,69.741,37.268,30522,278875,565,1003839216
131.856,4mu,94.838,35.121,30555,283820,215,362578828
131.886,4mu,90.031,31.395,30522,279667,687,1149454363
132.040,4mu,92.151,14.618,30555,283270,182,213500978
132.042,4mu,92.383,16.914,30555,282037,753,1359879407
132.056,4mu,90.829,33.825,30555,281693,424,795075769
132.082,4mu,106.852,15.987,30555,283043,63,103360022
132.098,4mu,92.077,30.499,30522,279931,166,185022710
132.161,4mu,48.047,31.067,30555,283453,101,74369748
132.300,4mu,91.345,37.813,30522,278874,407,777122008
132.383,4mu,89.735,27.522,30522,280330,282,537292405
132.406,2e2mu,106.951,21.104,30554,282732,33,59136679
132.446,4mu,90.546,41.687,30522,280385,132,242289559
132.452,2e2mu,87.385,20.193,30554,283408,349,578883894
132.496,4e,75.066,52.358,30554,283946,876,1384411459
132.534,4mu,80.115,42.465,30555,283820,1456,2564111022
132.602,4mu,91.194,15.163,30522,279844,256,340633723
132.603,4mu,82.655,27.117,30522,279975,799,1340365830
132.612,4mu,93.213,14.856,30555,283358,162,290286363
132.620,4mu,95.371,29.319,30522,278986,158,198420849
132.621,4mu,87.079,19.763,30555,283050,35,48775281
132.624,2e2mu,105.090,13.807,30554,283933,232,282501036
132.671,4mu,83.436,44.477,30555,281797,1094,1786637665
132.672,4mu,88.232,17.335,30555,281641,92,152261749
132.701,4mu,96.509,12.729,30555,283820,1140,2011284621
132.731,2e2mu,85.598,14.861,30554,283408,71,108127393
132.742,2e2mu,93.352,33.953,30522,279931,3015,5118461211
132.743,4mu,85.633,26.506,30555,282035,9,18310888
132.855,4mu,77.166,28.354,30555,282712,6,10603086
132.960,2e2mu,88.400,35.985,30554,283308,600,1157194860
133.151,4mu,98.712,26.249,30522,280242,471,852032194
133.273,4mu,89.187,32.766,30522,279588,1129,1998529687
133.419,4mu,94.349,15.431,30555,283408,678,1136559954
133.523,4mu,89.921,14.861,30522,278969,859,1440321989
133.538,4mu,91.375,15.948,30555,283408,694,1165502869
133.653,2e2mu,89.613,13.374,30521,280385,1703,3126678580
133.673,4mu,75.198,52.308,30522,279966,132,134230872
133.695,4mu,91.025,29.988,30522,279887,346,467715715
133.725,4mu,92.643,36.694,30522,278969,156,175618836
133.821,4mu,109.474,12.307,30555,282092,213,220900112
133.925,2e2mu,90.678,15.916,30554,281639,104,167413997
133.938,4mu,98.955,34.378,30522,280002,78,57040650
134.005,4mu,73.833,53.973,30522,279760,273,385458865
134.055,2e2mu,64.209,58.807,30554,281976,911,1616998423
134.121,4mu,91.749,15.131,30555,283946,111,67488036
134.395,2e2mu,90.460,30.482,30554,281693,581,1096627394
134.461,4mu,88.714,15.257,30522,279115,388,590147312
134.516,4mu,87.495,40.571,30555,283307,187,340989507
134.528,4mu,86.797,15.529,30522,279794,400,615458343
134.572,4mu,98.441,35.373,30555,281797,167,88048651
134.592,4mu,68.790,65.406,30522,280385,1593,2946423907
134.628,4mu,89.571,28.083,30555,283050,154,270033049
134.702,4mu,84.477,27.890,30555,281639,38,56511594
134.803,4mu,89.658,17.661,30555,283876,67,31272048
134.950,2e2mu,69.352,27.794,30522,280015,140,255734808
134.991,2e2mu,65.931,64.571,30522,279667,928,1612719669
