recid,title,label,tier,generator_hint,lo_or_nlo,number_files,number_events,size_bytes,sibling_recid,has_sibling_cross_section,portal_cross_section_pb,portal_cross_section_unc_pb,filter_efficiency,matching_efficiency,neg_weight_fraction
42407,/LQToBMu_M-400_pair_TuneCP2_13TeV-madgraph-pythia8/RunIISummer20UL16NanoAODv9-106X_mcRun2_asymptotic_v17-v1/NANOAODSIM,LQToBMu_M-400_pair,0,madgraph LO,LO,12,50000,168888733,42406,False,,,,,
67801,/TTTo2L2Nu_TuneCP5_13TeV-powheg-pythia8/RunIISummer20UL16NanoAODv9-106X_mcRun2_asymptotic_v17-v1/NANOAODSIM,TTTo2L2Nu,0,powheg NLO,NLO,49,43546000,91175567890,67800,True,6.871e+02,5.174e-01,1.000e+00,1.0,4.018e-03
35631,/DYJetsToLL_M-10to50_TuneCP5_13TeV-amcatnloFXFX-pythia8/RunIISummer20UL16NanoAODv9-106X_mcRun2_asymptotic_v17-v1/NANOAODSIM,DYJetsToLL_M-10to50_amcatnloFXFX,1,amcatnloFXFX NLO,NLO,25,49267069,41565360419,35630,True,2.048e+04,1.550e+01,1.000e+00,0.6,1.251e-01
35633,/DYJetsToLL_M-10to50_TuneCP5_13TeV-madgraphMLM-pythia8/RunIISummer20UL16NanoAODv9-106X_mcRun2_asymptotic_v17-v1/NANOAODSIM,DYJetsToLL_M-10to50_madgraphMLM,1,madgraphMLM LO(ME)+PS,LO,34,22388550,17982656451,35632,True,1.588e+04,2.497e+00,1.000e+00,0.8,0.000e+00
35669,/DYJetsToLL_M-50_TuneCP5_13TeV-amcatnloFXFX-pythia8/RunIISummer20UL16NanoAODv9-106X_mcRun2_asymptotic_v17-v1/NANOAODSIM,DYJetsToLL_M-50_amcatnloFXFX,1,amcatnloFXFX NLO,NLO,41,71839442,91180280562,35668,True,6.422e+03,1.129e+01,1.000e+00,0.4,1.636e-01
35671,/DYJetsToLL_M-50_TuneCP5_13TeV-madgraphMLM-pythia8/RunIISummer20UL16NanoAODv9-106X_mcRun2_asymptotic_v17-v1/NANOAODSIM,DYJetsToLL_M-50_madgraphMLM,1,madgraphMLM LO(ME)+PS,LO,61,82448537,97272458991,35670,True,5.396e+03,1.314e+00,1.000e+00,0.4,0.000e+00
37728,/GluGluHToZZTo4L_M125_TuneCP5_13TeV_powheg2_JHUGenV7011_pythia8/RunIISummer20UL16NanoAODv9-106X_mcRun2_asymptotic_v17-v2/NANOAODSIM,GluGluHToZZTo4L_M125,1,powheg2+JHUGen NLO,NLO,8,1000000,1696039660,37727,True,2.887e+01,2.027e-02,1.000e+00,1.0,5.184e-03
38428,/GluGluToContinToZZTo2e2mu_TuneCP5_13TeV-mcfm701-pythia8/RunIISummer20UL16NanoAODv9-106X_mcRun2_asymptotic_v17-v1/NANOAODSIM,GluGluToContinToZZ,1,mcfm LO(gg),LO,12,499000,936405014,38427,True,3.292e+00,1.190e-03,1.000e+00,1.0,0.000e+00
38430,/GluGluToContinToZZTo2e2nu_TuneCP5_13TeV-mcfm701-pythia8/RunIISummer20UL16NanoAODv9-106X_mcRun2_asymptotic_v17-v1/NANOAODSIM,GluGluToContinToZZ,1,mcfm LO(gg),LO,11,500000,749374293,38429,True,1.773e+01,2.230e-03,1.000e+00,1.0,0.000e+00
38432,/GluGluToContinToZZTo2e2tau_TuneCP5_13TeV-mcfm701-pythia8/RunIISummer20UL16NanoAODv9-106X_mcRun2_asymptotic_v17-v1/NANOAODSIM,GluGluToContinToZZ,1,mcfm LO(gg),LO,19,500000,924770274,38431,True,3.294e+00,1.204e-03,1.000e+00,1.0,0.000e+00
38434,/GluGluToContinToZZTo2mu2nu_TuneCP5_13TeV-mcfm701-pythia8/RunIISummer20UL16NanoAODv9-106X_mcRun2_asymptotic_v17-v1/NANOAODSIM,GluGluToContinToZZ,1,mcfm LO(gg),LO,18,493000,652457727,38433,True,1.773e+01,2.236e-03,1.000e+00,1.0,0.000e+00
38436,/GluGluToContinToZZTo2mu2tau_TuneCP5_13TeV-mcfm701-pythia8/RunIISummer20UL16NanoAODv9-106X_mcRun2_asymptotic_v17-v1/NANOAODSIM,GluGluToContinToZZ,1,mcfm LO(gg),LO,24,500000,838551731,38435,True,3.294e+00,1.130e-03,1.000e+00,1.0,0.000e+00
38438,/GluGluToContinToZZTo4e_TuneCP5_13TeV-mcfm701-pythia8/RunIISummer20UL16NanoAODv9-106X_mcRun2_asymptotic_v17-v2/NANOAODSIM,GluGluToContinToZZ,1,mcfm LO(gg),LO,6,992608,1933094679,38437,True,1.619e+00,6.137e-03,1.000e+00,1.0,0.000e+00
38440,/GluGluToContinToZZTo4mu_TuneCP5_13TeV-mcfm701-pythia8/RunIISummer20UL16NanoAODv9-106X_mcRun2_asymptotic_v17-v2/NANOAODSIM,GluGluToContinToZZ,1,mcfm LO(gg),LO,2,997445,1507810601,38439,True,1.609e+00,1.142e-02,1.000e+00,1.0,0.000e+00
38442,/GluGluToContinToZZTo4tau_TuneCP5_13TeV-mcfm701-pythia8/RunIISummer20UL16NanoAODv9-106X_mcRun2_asymptotic_v17-v1/NANOAODSIM,GluGluToContinToZZ,1,mcfm LO(gg),LO,22,499183,798910415,38441,True,1.626e+00,6.286e-03,1.000e+00,1.0,0.000e+00
64839,/ST_tW_antitop_5f_NoFullyHadronicDecays_TuneCP5_13TeV-powheg-pythia8/RunIISummer20UL16NanoAODv9-106X_mcRun2_asymptotic_v17-v1/NANOAODSIM,ST_tW_antitop_NoFullyHadronic,1,powheg NLO,NLO,10,3654510,7246892319,64838,True,3.251e+01,2.346e-02,1.000e+00,1.0,2.463e-05
64895,/ST_tW_top_5f_NoFullyHadronicDecays_TuneCP5_13TeV-powheg-pythia8/RunIISummer20UL16NanoAODv9-106X_mcRun2_asymptotic_v17-v1/NANOAODSIM,ST_tW_top_NoFullyHadronic,1,powheg NLO,NLO,11,3368375,6688088464,64894,True,3.245e+01,2.338e-02,1.000e+00,1.0,2.048e-05
67993,/TTToSemiLeptonic_TuneCP5_13TeV-powheg-pythia8/RunIISummer20UL16NanoAODv9-106X_mcRun2_asymptotic_v17-v1/NANOAODSIM,TTToSemiLeptonic,1,powheg NLO,NLO,138,144722000,308305217244,67992,True,6.871e+02,5.174e-01,1.000e+00,1.0,4.017e-03
68073,/TTWJetsToLNu_TuneCP5_13TeV-amcatnloFXFX-madspin-pythia8/RunIISummer20UL16NanoAODv9-106X_mcRun2_asymptotic_v17-v1/NANOAODSIM,TTWJetsToLNu,1,amcatnlo NLO,NLO,12,3322643,8881058521,68072,True,2.151e-01,1.129e-03,1.000e+00,0.6,2.281e-01
68187,/TTZToLLNuNu_M-10_TuneCP5_13TeV-amcatnlo-pythia8/RunIISummer20UL16NanoAODv9-106X_mcRun2_asymptotic_v17-v1/NANOAODSIM,TTZToLLNuNu,1,amcatnlo NLO,NLO,42,6017000,15297695911,68186,True,2.439e-01,2.995e-04,1.000e+00,1.0,2.538e-01
68847,/VBF_HToZZTo4L_M125_TuneCP5_13TeV_powheg2_JHUGenV7011_pythia8/RunIISummer20UL16NanoAODv9-106X_mcRun2_asymptotic_v17-v2/NANOAODSIM,VBF_HToZZTo4L_M125,1,powheg2+JHUGen NLO,NLO,24,498000,1063783326,68846,True,3.935e+00,1.774e-02,1.000e+00,1.0,6.888e-04
72676,/WWTo2L2Nu_TuneCP5_13TeV-powheg-pythia8/RunIISummer20UL16NanoAODv9-106X_mcRun2_asymptotic_v17-v1/NANOAODSIM,WWTo2L2Nu,1,powheg NLO,NLO,7,2900000,4297086161,72675,True,1.109e+01,7.040e-03,1.000e+00,1.0,1.910e-03
72752,/WZTo3LNu_TuneCP5_13TeV-amcatnloFXFX-pythia8/RunIISummer20UL16NanoAODv9-106X_mcRun2_asymptotic_v17-v1/NANOAODSIM,WZTo3LNu_amcatnloFXFX,1,amcatnloFXFX NLO,NLO,31,10441724,15443154075,72751,True,5.218e+00,5.017e-03,1.000e+00,0.6,1.701e-01
75567,/ZZTo2L2Nu_TuneCP5_13TeV_powheg_pythia8/RunIISummer20UL16NanoAODv9-106X_mcRun2_asymptotic_v17-v1/NANOAODSIM,ZZTo2L2Nu,1,powheg NLO,NLO,15,15928000,21529127995,75566,True,9.738e-01,9.971e-04,1.000e+00,1.0,1.053e-03
75589,/ZZTo4L_TuneCP5_13TeV_powheg_pythia8/RunIISummer20UL16NanoAODv9-106X_mcRun2_asymptotic_v17-v1/NANOAODSIM,ZZTo4L,1,powheg NLO,NLO,99,52104000,71479443458,75588,True,1.325e+00,1.220e-03,1.000e+00,1.0,5.057e-03
35651,/DYJetsToLL_M-50_HT-100to200_TuneCP5_PSweights_13TeV-madgraphMLM-pythia8/RunIISummer20UL16NanoAODv9-106X_mcRun2_asymptotic_v17-v2/NANOAODSIM,DY_M50_HT_binned,2,"madgraphMLM LO(ME)+PS, HT/Zpt-binned",LO,43,8316351,13848826083,35650,True,1.402e+02,4.557e-02,1.000e+00,0.1,0.000e+00
35653,/DYJetsToLL_M-50_HT-1200to2500_TuneCP5_PSweights_13TeV-madgraphMLM-pythia8/RunIISummer20UL16NanoAODv9-106X_mcRun2_asymptotic_v17-v2/NANOAODSIM,DY_M50_HT_binned,2,"madgraphMLM LO(ME)+PS, HT/Zpt-binned",LO,19,1970857,5909509936,35652,True,1.332e-01,9.084e-05,1.000e+00,0.1,0.000e+00
35655,/DYJetsToLL_M-50_HT-200to400_TuneCP5_PSweights_13TeV-madgraphMLM-pythia8/RunIISummer20UL16NanoAODv9-106X_mcRun2_asymptotic_v17-v2/NANOAODSIM,DY_M50_HT_binned,2,"madgraphMLM LO(ME)+PS, HT/Zpt-binned",LO,26,5653782,11464551093,35654,True,3.838e+01,1.531e-02,1.000e+00,0.1,0.000e+00
35657,/DYJetsToLL_M-50_HT-2500toInf_TuneCP5_PSweights_13TeV-madgraphMLM-pythia8/RunIISummer20UL16NanoAODv9-106X_mcRun2_asymptotic_v17-v2/NANOAODSIM,DY_M50_HT_binned,2,"madgraphMLM LO(ME)+PS, HT/Zpt-binned",LO,22,696811,2346283866,35656,True,2.977e-03,3.412e-06,1.000e+00,0.1,0.000e+00
35659,/DYJetsToLL_M-50_HT-400to600_TuneCP5_PSweights_13TeV-madgraphMLM-pythia8/RunIISummer20UL16NanoAODv9-106X_mcRun2_asymptotic_v17-v2/NANOAODSIM,DY_M50_HT_binned,2,"madgraphMLM LO(ME)+PS, HT/Zpt-binned",LO,32,2491416,6158017964,35658,True,5.212e+00,3.149e-03,1.000e+00,0.1,0.000e+00
35661,/DYJetsToLL_M-50_HT-600to800_TuneCP5_PSweights_13TeV-madgraphMLM-pythia8/RunIISummer20UL16NanoAODv9-106X_mcRun2_asymptotic_v17-v2/NANOAODSIM,DY_M50_HT_binned,2,"madgraphMLM LO(ME)+PS, HT/Zpt-binned",LO,7,2299853,6087628151,35660,True,1.266e+00,7.976e-04,1.000e+00,0.1,0.000e+00
35663,/DYJetsToLL_M-50_HT-70to100_TuneCP5_PSweights_13TeV-madgraphMLM-pythia8/RunIISummer20UL16NanoAODv9-106X_mcRun2_asymptotic_v17-v2/NANOAODSIM,DY_M50_HT_binned,2,"madgraphMLM LO(ME)+PS, HT/Zpt-binned",LO,35,5893910,8811184941,35662,True,1.400e+02,5.294e-02,1.000e+00,0.2,0.000e+00
35665,/DYJetsToLL_M-50_HT-800to1200_TuneCP5_PSweights_13TeV-madgraphMLM-pythia8/RunIISummer20UL16NanoAODv9-106X_mcRun2_asymptotic_v17-v2/NANOAODSIM,DY_M50_HT_binned,2,"madgraphMLM LO(ME)+PS, HT/Zpt-binned",LO,36,2393976,6775547038,35664,True,5.686e-01,4.332e-04,1.000e+00,0.1,0.000e+00
35673,/DYJetsToLL_M-50_Zpt-100to200_BPSFilter_TuneCP5_13TeV-madgraphMLM-pythia8/RunIISummer20UL16NanoAODv9-106X_mcRun2_asymptotic_v17-v1/NANOAODSIM,DY_M50_Zpt_binned,2,"madgraphMLM LO(ME)+PS, HT/Zpt-binned",LO,41,4918136,9861609997,35672,True,2.638e+00,2.095e-03,1.000e+00,0.1,0.000e+00
35675,/DYJetsToLL_M-50_Zpt-200toInf_BPSFilter_TuneCP5_13TeV-madgraphMLM-pythia8/RunIISummer20UL16NanoAODv9-106X_mcRun2_asymptotic_v17-v2/NANOAODSIM,DY_M50_Zpt_binned,2,"madgraphMLM LO(ME)+PS, HT/Zpt-binned",LO,55,734253,1976825067,35674,True,3.930e-01,4.265e-04,1.000e+00,0.1,0.000e+00
