recid,label,portal_total_value_pb,matching_filter_already_included,br_applied_description,br_value,generator_level_sigma_pb,reference_sigma_pb,reference_order,reference_url,k_factor,sigma_eff_pb,n_events_record,neg_weight_fraction,expected_events_at_L=16.393fb-1,mc_equivalent_luminosity_fb-1,mc_equiv_lumi_over_L,note
67801,TTTo2L2Nu,687.1,yes (R1),"BR(dilepton, e/mu/tau)=BR(Wlep)^2, PDG",0.10706,73.56,89.28,NNLO+NNLL (TopWG) x BR(dilep),https://twiki.cern.ch/twiki/bin/view/LHCPhysics/TtbarNNLO,1.214,89.28,43546000,0.00401,1463567.04,479.95433530620966,29.2780049598127,"portal 687.1pb is the SHARED INCLUSIVE ttbar xsec (identical on TTToSemiLeptonic sibling); production-only, BR applied by hand. xSections.dat (RazorCMS) lists 87.31 pb for the decay-exclusive TTTo2L2Nu directly, consistent (older tune)."
42407,"LQToBMu_M-400_pair (Tier0, no portal xsec)",,N/A - no portal cross_section block,100% by construction (CMS sample decays only to b+mu),1.0,,2.276,"NNLOapprox+NNLL stop-pair proxy (LHC SUSY WG), scalar-only + small-coupling caveat",https://twiki.cern.ch/twiki/bin/view/LHCPhysics/SUSYCrossSections13TeVstopsbottom,N/A (no generator-level sigma to compare),2.276,50000,0.0,37310.468,21.968365553602812,1.3401064816447759,"ATLAS aMC@NLO LO value for the same mass (312117/312159, beta=0.5, electron decay) is 2.15 pb -- same order as the stop-pair proxy, but NOT the same physical sample (different decay flavor+beta). See Task 5."
35669,DYJetsToLL_M-50_amcatnloFXFX,6422,yes (R1),"none needed (decay in ME; tau included, confirmed x3 factor in RazorAnalyzer)",,6422,5765.4,NNLO FEWZ v3.1 (paper) / RazorAnalyzer 1921.8*3,https://arxiv.org/html/1712.09814,0.898,5765.4,71839442,0.1635,94512202.2,5.643696296114408,0.3442747694817549,gridpack process name 'dyellell...FXFX' confirms decay in the ME.
35671,DYJetsToLL_M-50_madgraphMLM,5396,yes (R1),"none needed (decay in ME, DYJetsToLL convention, tau included)",,5396,5765.4,NNLO FEWZ v3.1 / RazorAnalyzer,https://raw.githubusercontent.com/RazorCMS/RazorAnalyzer/master/data/xSections.dat,1.068,5765.4,82448537,0.0,94512202.2,14.300575328684914,0.8723586487332955,
35631,DYJetsToLL_M-10to50_amcatnloFXFX,20480,yes (R1),none needed (decay in ME),,20480,18610,RazorAnalyzer xSections.dat (generator-independent theory value),https://raw.githubusercontent.com/RazorCMS/RazorAnalyzer/master/data/xSections.dat,0.909,18610,49267069,0.1251,305073730.0,1.48833681689859,0.09079099718773806,
35633,DYJetsToLL_M-10to50_madgraphMLM,15880,yes (R1),none needed (decay in ME),,15880,18610,RazorAnalyzer xSections.dat,https://raw.githubusercontent.com/RazorCMS/RazorAnalyzer/master/data/xSections.dat,1.172,18610,22388550,0.0,305073730.0,1.203038688876948,0.07338734147971378,
67993,TTToSemiLeptonic,687.1,yes (R1),"BR(semileptonic)=2*BR(Whad)*BR(Wlep), PDG",0.44113,303.1,367.86,NNLO+NNLL (TopWG) x BR(semilep),https://twiki.cern.ch/twiki/bin/view/LHCPhysics/TtbarNNLO,1.214,367.86,144722000,0.00401,6030328.98,387.1308859265177,23.615621663302488,Portal 687.1pb identical to TTTo2L2Nu (shared inclusive value). f is NOT independently Task-B-measured for this sample; the TTTo2L2Nu Task-B value is used as a same-gridpack-family proxy (flagged). xSections.dat lists 320.1 pb directly for the decay-exclusive channel (older tune) -- consistent order with our own BR-scaled number.
64895,ST_tW_top_5f_NoFullyHadronicDecays,32.45,yes (R1),"selection factor 1-BR(Whad)^2 (NOT a simple BR; explicit LHEGenericFilter confirmed in fragment, but filter_efficiency field shows 1.000)",0.5456,17.7,19.56,NNLO tW=71.7pb/2 (arXiv:2208.00924) x selection factor,https://arxiv.org/abs/2208.00924,1.105,19.56,3368375,2.05e-05,320647.08,172.19319012843758,10.5040682076763,"RazorAnalyzer explicitly lists the SAME formula '35.85*0.546' -- 0.546 matches 1-BR(Whad)^2 to 3 sig figs, confirming this selection is NOT baked into filter_efficiency=1.000 shown on the portal."
64839,ST_tW_antitop_5f_NoFullyHadronicDecays,32.51,yes (R1),selection factor 1-BR(Whad)^2 (same as top),0.5456,17.74,19.56,NNLO tW=71.7pb/2 x selection factor,https://arxiv.org/abs/2208.00924,1.103,19.56,3654510,2.46e-05,320647.08,186.81750537128084,11.396175524387289,
72676,WWTo2L2Nu,11.09,yes (R1),"none needed (decay in ME -- native powheg WW2L2Nu box process, no separate decay card)",,11.09,12.178,RazorAnalyzer xSections.dat,https://raw.githubusercontent.com/RazorCMS/RazorAnalyzer/master/data/xSections.dat,1.098,12.178,2900000,0.00191,199633.954,236.31846920348167,14.415815848440289,
72752,WZTo3LNu_amcatnloFXFX,5.218,yes (R1),"none needed (decay in ME, MadGraph process name)",,5.218,4.42965,RazorAnalyzer xSections.dat,https://raw.githubusercontent.com/RazorCMS/RazorAnalyzer/master/data/xSections.dat,0.849,4.42965,10441724,0.1701,72615.25245,1026.1891519494677,62.599228448085626,
75589,ZZTo4L,1.325,yes (R1),"none needed (decay in ME, native powheg ZZTo4L box)",,1.325,1.256,RazorAnalyzer xSections.dat (powheg-specific line),https://raw.githubusercontent.com/RazorCMS/RazorAnalyzer/master/data/xSections.dat,0.948,1.256,52104000,0.005057,20589.608,40649.18006549649,2479.666935002531,
75567,ZZTo2L2Nu,0.9738,yes (R1),"none needed (decay in ME, per task classification)",,0.9738,0.564,RazorAnalyzer xSections.dat,https://raw.githubusercontent.com/RazorCMS/RazorAnalyzer/master/data/xSections.dat,0.579,0.564,15928000,0.001053,9245.652,28122.308348296112,1715.507127938517,"FLAG: 42% k-factor correction is much larger than every other decay-in-ME diboson check in this table (all others are 5-15%). Not independently resolved in this session -- recommend an additional, independent cross-check before trusting sigma_eff here."
38428,GluGluToContinToZZTo2e2mu,3.292,UNUSABLE AS LISTED -- see R3,"none needed (decay in ME, MCFM+JHUGen process)",,0.003292,0.003194,MCFM background-only (RazorAnalyzer xSections.dat),https://raw.githubusercontent.com/RazorCMS/RazorAnalyzer/master/data/xSections.dat,0.97,0.003194,499000,0.0,52.359242,156230.4320601127,9530.313674136076,"R3: portal total_value is ~1000x the independently-referenced MCFM value for every one of the 6 charged-4-lepton final states with a reference (ratio 1015-1031, essentially a clean factor of 1000). Strong evidence of a pb-vs-fb mislabeling for this record family specifically. sigma_eff here uses the /1000-corrected value; DO NOT use the raw portal total_value directly."
38430,GluGluToContinToZZTo2e2nu,17.73,UNUSABLE AS LISTED -- see R3,"none needed (decay in ME, MCFM+JHUGen process)",,0.01773,,none found,https://raw.githubusercontent.com/RazorCMS/RazorAnalyzer/master/data/xSections.dat,1.0 (no reference found for this exact final state),0.01773,500000,0.0,290.64789,28200.78962210942,1720.2946149032769,"R3: portal total_value is ~1000x the independently-referenced MCFM value for every one of the 6 charged-4-lepton final states with a reference (ratio 1015-1031, essentially a clean factor of 1000). Strong evidence of a pb-vs-fb mislabeling for this record family specifically. sigma_eff here uses the /1000-corrected value; DO NOT use the raw portal total_value directly."
38432,GluGluToContinToZZTo2e2tau,3.294,UNUSABLE AS LISTED -- see R3,"none needed (decay in ME, MCFM+JHUGen process)",,0.003294,0.003194,MCFM background-only (RazorAnalyzer xSections.dat),https://raw.githubusercontent.com/RazorCMS/RazorAnalyzer/master/data/xSections.dat,0.97,0.003194,500000,0.0,52.359242,156543.51909830933,9549.412499134345,"R3: portal total_value is ~1000x the independently-referenced MCFM value for every one of the 6 charged-4-lepton final states with a reference (ratio 1015-1031, essentially a clean factor of 1000). Strong evidence of a pb-vs-fb mislabeling for this record family specifically. sigma_eff here uses the /1000-corrected value; DO NOT use the raw portal total_value directly."
38434,GluGluToContinToZZTo2mu2nu,17.73,UNUSABLE AS LISTED -- see R3,"none needed (decay in ME, MCFM+JHUGen process)",,0.01773,,none found,https://raw.githubusercontent.com/RazorCMS/RazorAnalyzer/master/data/xSections.dat,1.0 (no reference found for this exact final state),0.01773,493000,0.0,290.64789,27805.978567399885,1696.210490294631,"R3: portal total_value is ~1000x the independently-referenced MCFM value for every one of the 6 charged-4-lepton final states with a reference (ratio 1015-1031, essentially a clean factor of 1000). Strong evidence of a pb-vs-fb mislabeling for this record family specifically. sigma_eff here uses the /1000-corrected value; DO NOT use the raw portal total_value directly."
38436,GluGluToContinToZZTo2mu2tau,3.294,UNUSABLE AS LISTED -- see R3,"none needed (decay in ME, MCFM+JHUGen process)",,0.003294,0.003194,MCFM background-only (RazorAnalyzer xSections.dat),https://raw.githubusercontent.com/RazorCMS/RazorAnalyzer/master/data/xSections.dat,0.97,0.003194,500000,0.0,52.359242,156543.51909830933,9549.412499134345,"R3: portal total_value is ~1000x the independently-referenced MCFM value for every one of the 6 charged-4-lepton final states with a reference (ratio 1015-1031, essentially a clean factor of 1000). Strong evidence of a pb-vs-fb mislabeling for this record family specifically. sigma_eff here uses the /1000-corrected value; DO NOT use the raw portal total_value directly."
38438,GluGluToContinToZZTo4e,1.619,UNUSABLE AS LISTED -- see R3,"none needed (decay in ME, MCFM+JHUGen process)",,0.001619,0.001586,MCFM background-only (RazorAnalyzer xSections.dat),https://raw.githubusercontent.com/RazorCMS/RazorAnalyzer/master/data/xSections.dat,0.98,0.001586,992608,0.0,25.999298,625856.2421185373,38178.2615822935,"R3: portal total_value is ~1000x the independently-referenced MCFM value for every one of the 6 charged-4-lepton final states with a reference (ratio 1015-1031, essentially a clean factor of 1000). Strong evidence of a pb-vs-fb mislabeling for this record family specifically. sigma_eff here uses the /1000-corrected value; DO NOT use the raw portal total_value directly."
38440,GluGluToContinToZZTo4mu,1.609,UNUSABLE AS LISTED -- see R3,"none needed (decay in ME, MCFM+JHUGen process)",,0.001609,0.001586,MCFM background-only (RazorAnalyzer xSections.dat),https://raw.githubusercontent.com/RazorCMS/RazorAnalyzer/master/data/xSections.dat,0.986,0.001586,997445,0.0,25.999298,628906.0529634301,38364.30506700604,"R3: portal total_value is ~1000x the independently-referenced MCFM value for every one of the 6 charged-4-lepton final states with a reference (ratio 1015-1031, essentially a clean factor of 1000). Strong evidence of a pb-vs-fb mislabeling for this record family specifically. sigma_eff here uses the /1000-corrected value; DO NOT use the raw portal total_value directly."
38442,GluGluToContinToZZTo4tau,1.626,UNUSABLE AS LISTED -- see R3,"none needed (decay in ME, MCFM+JHUGen process)",,0.0016259999999999998,0.001586,MCFM background-only (RazorAnalyzer xSections.dat),https://raw.githubusercontent.com/RazorCMS/RazorAnalyzer/master/data/xSections.dat,0.975,0.001586,499183,0.0,25.999298,314743.3795712484,19199.86455018901,"R3: portal total_value is ~1000x the independently-referenced MCFM value for every one of the 6 charged-4-lepton final states with a reference (ratio 1015-1031, essentially a clean factor of 1000). Strong evidence of a pb-vs-fb mislabeling for this record family specifically. sigma_eff here uses the /1000-corrected value; DO NOT use the raw portal total_value directly."
68187,TTZToLLNuNu_M-10,0.2439,yes (R1),"none needed (decay in ME, MadGraph process name ToLLNuNu)",,0.2439,0.2529,RazorAnalyzer xSections.dat,https://raw.githubusercontent.com/RazorCMS/RazorAnalyzer/master/data/xSections.dat,1.037,0.2529,6017000,0.2538,4145.7897,5768.55809379201,351.89154479302204,
68073,TTWJetsToLNu,0.2151,yes (R1),"none needed (decay in ME, MadGraph process name ToLNu)",,0.2151,0.2043,RazorAnalyzer xSections.dat,https://raw.githubusercontent.com/RazorCMS/RazorAnalyzer/master/data/xSections.dat,0.95,0.2043,3322643,0.2281,3349.0899000000004,4809.431251282037,293.38322767535146,
37728,GluGluHToZZTo4L_M125,28.87,"yes (R1, w.r.t. matching/filter -- NOT w.r.t. decay BR)","BR(H->llll, l=e/mu/tau), LHC Higgs WG BR table",0.0002768,28.87,44.08,NNLO+NNLL ggH production (LHC HiggsWG),https://twiki.cern.ch/twiki/bin/view/LHCPhysics/CERNYellowReportPageAt13TeV,1.527,0.012201,1000000,0.005184,200.010993,80269.7725943775,4896.588336142103,"Portal sigma is PRODUCTION-ONLY (confirmed: JHUGen decay card 'ZZ4l_withtaus.input' is a SEPARATE step from the gg_H_quark-mass-effects POWHEG production gridpack). k-factor(1.527) corrects production only; sigma_eff additionally applies BR(H->llll)=2.768e-4 (LHC HiggsWG YR BR page) to get the actual per-event-final-state cross section. Production-level k-factor of 1.527 vs the other Higgs check (VBF, k=0.96) is notably larger -- not fully explained in this session (possibly the 'quark-mass-effects' POWHEG implementation's own order differs from the heavy-top-limit N3LO/NNLO+NNLL YR4 number); flagged, not resolved."
68847,VBF_HToZZTo4L_M125,3.935,"yes (R1, w.r.t. matching/filter -- NOT w.r.t. decay BR)","BR(H->llll, l=e/mu/tau), LHC Higgs WG BR table",0.0002768,3.935,3.779,NNLO QCD+NLO EW VBF production (LHC HiggsWG),https://twiki.cern.ch/twiki/bin/view/LHCPhysics/CERNYellowReportPageAt13TeV,0.96,0.001046,498000,0.0006888,17.147078,474788.58077946125,28962.885425453624,Production-only portal sigma (3.935 pb) already matches the bare VBF production reference (3.779 pb) to ~4% -- the cleanest production-level match in this table. sigma_eff additionally applies BR(H->llll)=2.768e-4.
